Algeria	https://www.w3newspapers.com/algeria/
Angola	https://www.w3newspapers.com/angola/
Benin	https://www.w3newspapers.com/benin/
Botswana	https://www.w3newspapers.com/botswana/
Burkina Faso	https://www.w3newspapers.com/burkina-faso/
Burundi	https://www.w3newspapers.com/burundi/
Cameroon	https://www.w3newspapers.com/cameroon/
Cape Verde	https://www.w3newspapers.com/cape-verde/
Central African Republic	https://www.w3newspapers.com/central-african-republic/
Chad	https://www.w3newspapers.com/chad/
Comoros	https://www.w3newspapers.com/comoros/
Congo	https://www.w3newspapers.com/congo/
Djibouti	https://www.w3newspapers.com/djibouti/
Egypt	https://www.w3newspapers.com/egypt/
Equatorial Guinea	https://www.w3newspapers.com/equatorial-guinea/
Eritrea	https://www.w3newspapers.com/eritrea/
Eswatini	https://www.w3newspapers.com/swaziland/
Ethiopia	https://www.w3newspapers.com/ethiopia/
Gabon	https://www.w3newspapers.com/gabon/
Gambia	https://www.w3newspapers.com/gambia/
Ghana	https://www.w3newspapers.com/ghana/
Guinea	https://www.w3newspapers.com/guinea/
Guinea Bissau	https://www.w3newspapers.com/guinea-bissau/
Ivory Coast	https://www.w3newspapers.com/ivory-coast/
Kenya	https://www.w3newspapers.com/kenya/
Lesotho	https://www.w3newspapers.com/lesotho/
Liberia	https://www.w3newspapers.com/liberia/
Libya	https://www.w3newspapers.com/libya/
Madagascar	https://www.w3newspapers.com/madagascar/
Malawi	https://www.w3newspapers.com/malawi/
Mali	https://www.w3newspapers.com/mali/
Mauritania	https://www.w3newspapers.com/mauritania/
Mauritius	https://www.w3newspapers.com/mauritius/
Morocco	https://www.w3newspapers.com/morocco/
Mozambique	https://www.w3newspapers.com/mozambique/
Namibia	https://www.w3newspapers.com/namibia/
Niger	https://www.w3newspapers.com/niger/
Nigeria	https://www.w3newspapers.com/nigeria/
Rwanda	https://www.w3newspapers.com/rwanda/
Sao Tome and Principe	https://www.w3newspapers.com/sao-tome-and-principe/
Senegal	https://www.w3newspapers.com/senegal/
Seychelles	https://www.w3newspapers.com/seychelles/
Sierra Leone	https://www.w3newspapers.com/sierra-leone/
Somalia	https://www.w3newspapers.com/somalia/
South Africa	https://www.w3newspapers.com/south-africa/
South Sudan	https://www.w3newspapers.com/southsudan/
Sudan	https://www.w3newspapers.com/sudan/
Tanzania	https://www.w3newspapers.com/tanzania/
Togo	https://www.w3newspapers.com/togo/
Tunisia	https://www.w3newspapers.com/tunisia/
Uganda	https://www.w3newspapers.com/uganda/
Western Sahara	https://www.w3newspapers.com/western-sahara/
Zambia	https://www.w3newspapers.com/zambia/
Zimbabwe	https://www.w3newspapers.com/zimbabwe/
