index,title,reviews,recommends,authors,price_n,price_r
"1","遥远的救世主（天道原著王志文主演电视剧畅销遥远的救世主作者豆豆三部曲之一）","257131条评论","99.8%推荐","豆豆","作家出版社","24.00","48.00"
"2","蛤蟆先生去看心理医生（年销200万册！英国经典心理咨询入门书，知名心理学家李松蔚强烈推荐）","916198条评论","100%推荐","罗伯特・戴博德","天津人民出版社","26.00","38.00"
"3","次第花开 修订版","503832条评论","100%推荐","希阿荣博堪布","海南出版社","18.90","39.80"
"4","活着（余华代表作，精装，易烊千玺推荐阅读。当当专享印签藏书票+限量赠珍藏复刻手稿）","607380条评论","100%推荐","余华","北京十月文艺出版社","26.50","45.00"
"5","女孩别怕 所有女性都用得上的安全经验（教你如何鉴别渣男，告诉你什么叫沉默成本、损失厌恶、贴现效应）","3425条评论","100%推荐","田静・女孩别怕团队","中信出版社","37.30","49.80"
"6","你当像鸟飞往你的山（中文版销量超200万册，比尔・盖茨年度特别推荐！登顶《纽约时报》畅销榜80+周，这本书比你听说的还要好！）","1256709条评论","100%推荐","塔拉","南海出版公司","34.80","59.00"
"7","中华人民共和国民法典（64开便携版 压纹烫金版）2020年6月新版","22853条评论","100%推荐","法律出版社","法律出版社","6.30","18.00"
"8","三体：全三册 刘慈欣代表作，亚洲“雨果奖”获奖作品！","1724865条评论","99.8%推荐","刘慈欣","重庆出版社","46.50","93.00"
"9","小熊和最好的爸爸（全7册）","1459076条评论","99.6%推荐","阿兰德・丹姆","贵州人民出版社","17.50","35.00"
"10","马尔克斯：百年孤独（50周年纪念版）","2016133条评论","99.8%推荐","加西亚・马尔克斯","南海出版公司","39.60","55.00"
"11","月光落在左手上（精装珍藏版）","102028条评论","99.8%推荐","余秀华","北京十月文艺出版社","29.00","58.00"
"12","被讨厌的勇气：“自我启发之父”阿德勒的哲学课 岸见一郎","496545条评论","100%推荐","岸��一郎","机械工业出版社","37.90","55.00"
"13","时间从来不语，却回答了所有问题（文学大师季羡林百岁人生的智慧精粹，未来不足惧，过往不须泣。金庸、贾平凹、白岩松、林青霞等推荐）","13740条评论","99.9%推荐","季羡林","百花洲文艺出版社","27.50","55.00"
"14","少年读史记（套装全5册）","1142709条评论","99.9%推荐","张嘉骅","青岛出版社","50.00","100.00"
"15","我想要两颗西柚（大张伟私藏书单，力荐阅读。你们是平等的，那个人有权利知道，此刻的你正在喜欢Ta。）","45841条评论","99.9%推荐","胡辛束","浙江文艺出版社","22.50","45.00"
"16","人生海海（麦家重磅力作，莫言、董卿盛赞，连续两年高居畅销榜，发行量超200万册）","846410条评论","100%推荐","麦家","北京十月文艺出版社","27.50","55.00"
"17","乌合之众 : 大众心理研究（群体心理学创始人古斯塔夫・勒庞代表作之一。极简翻译文风，语言深入浅出，减少艰深晦涩）","678520条评论","100%推荐","古斯塔夫・勒庞","民主与建设出版社","12.20","26.00"
"18","置身事内：中国政府与经济发展（罗永浩、罗振宇、何帆、刘格菘、张军、周黎安、王烁联袂推荐，复旦经院毕业课）","28430条评论","99.9%推荐","兰小欢","上海人民出版社","32.50","65.00"
"19","消失的13级台阶（罗翔推荐！荣获日本推理小说至高荣誉江户川乱步奖！是否值得为一场痛快的复仇，陪葬掉自己的人生？）","214667条评论","100%推荐","高野和明","上海文艺出版社","21.00","42.00"
"20","沉思录","315646条评论","99.4%推荐","马可.奥勒留","中央编译出版社","9.00","20.00"
"21","生死疲劳（诺奖得主莫言畅销代表作，六道轮回的想象，灵魂不死的动物）","62075条评论","99.9%推荐","莫言","浙江文艺出版社","31.02","66.00"
"22","面纱（毛姆关于女性精神觉醒的经典作品，三次改编成电影。2018全新编校+无删减全译本）","128961条评论","100%推荐","毛姆","时代文艺出版社","12.20","27.00"
"23","云边有个小卖部（陆定昊诚挚推荐，随书附赠云边镇四季明信片和张嘉佳作词单曲彩蛋）","1297789条评论","100%推荐","张嘉佳","湖南文艺出版社","21.20","42.00"
"24","红楼梦原著版（上、下册，全两册，全本120回）（团购电话:400-1066666转6）","556858条评论","99.6%推荐","曹雪芹","人民文学出版社","34.00","59.70"
"25","亲密关系：通往灵魂的桥梁（新版）：杨天真推荐，这本书告诉我们如何穿透自我障碍，用爱酿造幸福秘方","713495条评论","99.9%推荐","克里斯多福・孟","湖南文艺出版社","20.30","45.00"
"26","大语文那些事儿（全6册）大语文时代，得语文者得天下。字词、作文、阅读、古诗、古文一网打尽。","77778条评论","100%推荐","赵旭","北京理工大学出版社","89.10","180.00"
"27","东野圭吾：白夜行（易烊千玺、孟非推荐，东野圭吾作品无冕之王）","1901743条评论","99.9%推荐","东野圭吾","南海出版公司","44.70","59.60"
"28","世界尽头的咖啡馆（做决定前读一遍，少走弯路！美国57所高校指定研讨读物）","95030条评论","100%推荐","约翰・史崔勒基","天津人民出版社","29.90","45.00"
"29","疯狂的化学 我是学霸 给孩子的趣味化学启蒙绘本","2025条评论","99.9%推荐","郭元婕","北京联合出版有限公司","39.00","52.00"
"30","杀死一只知更鸟（豆瓣9.2，关于勇气与正义的成长教科书，影响全球5000万家庭的“教养宝典”，奥巴马、贝克汉姆、奥普拉鼎力推荐）","521802条评论","100%推荐","哈珀・李","译林出版社","48.00","48.00"
"31","平凡的世界：全三册（全新2021版，茅盾文学奖获奖作品，激励青年的不朽经典）","935274条评论","100%推荐","路遥","北京十月文艺出版社","98.00","138.00"
"32","全球最美的100个地方 图说天下 国家地理","321636条评论","99.8%推荐","图说天下.国家地理","北京联合出版公司","7.70","19.90"
"33","这世界很好，但你也不差（打破满意度低幸福感差，这世界真叫人疲倦的死循环。万特特全新作品，《这世界很烦，但你要很可爱》姊妹篇）","32081条评论","100%推荐","万特特","新世界出版社","22.10","49.00"
"34","这么好玩的物理 我是学霸 给孩子的物理启蒙科普绘本","1384条评论","100%推荐","项华","北京联合出版有限公司","39.00","52.00"
"35","丰子恺万般滋味，都是生活","573557条评论","100%推荐","丰子恺","华中科技大学出版社","18.90","42.00"
"36","人间失格（日本小说家太宰治代表作，一个对村上春树影响至深的绝望凄美故事）","2186212条评论","99.8%推荐","太宰治","作家出版社","10.10","25.00"
"37","走遍中国 图说天下 寻梦之旅","406440条评论","100%推荐","霍晨昕","四川人民出版社","22.10","29.90"
"38","小王子（纪念版，李继宏口碑译作，作者基金会官方认证简体中文版）【果麦经典】","1466529条评论","99.9%推荐","安托万・德・圣埃克苏佩里","天津人民出版社","19.90","39.80"
"39","山月记（如果你很迷茫！自我拉扯！一定要读《山月记》。日本文豪中岛敦笔下的中国物语，常年入选日本国语教材）【果麦经典】","158417条评论","99.9%推荐","中岛敦","三秦出版社","22.50","45.00"
"40","傅雷家书","58027条评论","100%推荐","傅雷","万卷出版公司","15.00","39.80"
"41","理想国","257544条评论","99.7%推荐","柏拉图","中国华侨出版社","15.70","35.00"
"42","正面管教(修订版)","1877990条评论","100%推荐","简・尼尔森","北京联合出版公司","17.10","38.00"
"43","趣说中国史：如果把中国422位皇帝放在一个群里，他们会聊些什么？","182646条评论","100%推荐","趣哥","台海出版社","24.90","49.80"
"44","文城（余华新书，时隔8年重磅归来，《活着》之后又一精彩力作）","268583条评论","100%推荐","余华","北京十月文艺出版社","44.20","59.00"
"45","神奇校车・图画书版（全12册，新增科学博览会1册）","1647735条评论","99.9%推荐","乔安娜柯尔","贵州人民出版社","99.00","198.00"
"46","本尊也想知道【亲签版+定制贴纸】（网络原名：魔尊也想知道）特签随机掉落","626条评论","100%推荐","青色羽翼","广东旅游出版社","34.80","49.80"
"47","底层逻辑：看清这个世界的底牌","37209条评论","99.9%推荐","刘润","机械工业出版社","51.70","69.00"
"48","如何说孩子才会听 怎么听孩子才肯说（全新修订版，涂磊推荐）","937475条评论","99.9%推荐","玛兹丽施","中央编译出版社","18.40","36.80"
"49","他在云之南（人气作家景行燃情悬爱力作！随书附赠“追光”书签。）","32931条评论","100%推荐","景行","百花文艺出版社","19.90","39.80"
"50","那个不为人知的故事","128555条评论","99.9%推荐","Twentine","四川文艺出版社","18.90","42.00"
"51","刀锋（毛姆经典哲思之作，苏州大学方华文教授全新修订&详细注释本）","59100条评论","99.8%推荐","毛姆","时代文艺出版社","18.60","38.00"
"52","外婆出租中","20060条评论","100%推荐","丽芙・阿巴思诺特","四川文艺出版社","18.90","42.00"
"53","作家榜经典：月亮与六便士（全新未删节插图珍藏版！毛姆写给年轻人的梦想之书！满地都是六便士，他却抬头看见了月亮！）","1339740条评论","100%推荐","毛姆","浙江文艺出版社","19.90","39.80"
"54","遥远的救世主+天幕红尘+天局（王志文主演电视剧《天道》原著小说，豆豆矫健三部曲一套读懂世界。）","29360条评论","99.8%推荐","豆豆","作家出版社","67.00","134.00"
"55","橘子不是唯一的水果","191488条评论","99.8%推荐","珍妮特・温特森","北京联合出版有限公司","24.50","49.00"
"56","人类群星闪耀时（无删减全译本。《一个陌生女人的来信》作者茨威格的传记杰作，14位时代英雄，14个人类命运攸关的历史时刻）","128058条评论","100%推荐","斯蒂芬・茨威格","时代文艺出版社","13.70","28.00"
"57","罪与罚（刑法学罗翔老师推荐版本，用爱和生活去对抗痛苦！）【果麦经典】","86723条评论","100%推荐","陀思妥耶夫斯基","浙江文艺出版社","34.00","68.00"
"58","人间值得（90岁心理医生恒子奶奶写给生活的哲思小书。十点读书、《读者》2019年度“十大影响力好书”、人民日报力荐2020新年书单。）","530879条评论","100%推荐","中村恒子","北京日报出版社","24.90","49.90"
"59","夏天、烟火和我的尸体（张震、田�D推荐。乙一16岁惊世成名作，高口碑暗黑杰作，获第6届JUMP小说大奖）","175308条评论","100%推荐","乙一","南海出版公司","22.50","45.00"
"60","山茶文具店（陆定昊诚挚推荐，日本畅销作家小川糸备受好评暖心之作）","149495条评论","100%推荐","小川糸","湖南文艺出版社","22.50","49.80"
"61","法治的细节（罗翔新作，法律随笔，评热点、论法理、聊读书、谈爱情，人间清醒与你坦诚相见）","23056条评论","100%推荐","罗翔","云南人民出版社","37.30","49.80"
"62","焦虑的人（九个焦虑的人，一场人质劫持，能解救他们的不是警察，而是彼此。《外婆的道歉信》《清单人生》巴克曼拿手的暖心治愈故事）","22133条评论","100%推荐","弗雷德里克・巴克曼","天津人民出版社","24.90","49.80"
"63","人世间（第十届茅盾文学奖获奖作品，雷佳音、辛柏青、宋佳、殷桃、萨日娜、宋春丽、张凯丽等主演）","36997条评论","99.9%推荐","梁晓声","中国青年出版社","178.50","238.00"
"64","不能不懂的编程 我是学霸 给孩子的创新编程启蒙绘本","5541条评论","100%推荐","项华","北京联合出版有限公司","39.00","52.00"
"65","皮特猫・3~6岁好性格养成书：第一辑（共6册）（乐观、积极、开朗……荣获19项大奖的好性格榜样，在美国家喻户晓）","281406条评论","100%推荐","艾瑞克・利温","文汇出版社","69.90","139.90"
"66","一个陌生女人的来信（茨威格中短篇小说选，豆瓣9.4高评分译作，德文直译无删节）","193288条评论","99.9%推荐","斯蒂芬・茨威格","时代文艺出版社","10.30","22.00"
"67","罗生门（芥川龙之介小说集。《人间失格》作者太宰治是芥川的头号书迷）","442433条评论","100%推荐","芥川龙之介","时代文艺出版社","14.60","31.00"
"68","跟着诗词去旅行 图说天下 寻梦之旅","149553条评论","100%推荐","郝娟菡","四川人民出版社","22.10","29.90"
"69","果麦经典：了凡四训（“我命由我不由天！”曾国藩、胡适、稻盛和夫推崇的生活方式手册；费勇教授精美译文）","116066条评论","100%推荐","袁了凡","三秦出版社","16.00","32.00"
"70","月亮与六便士（精装典藏版，未删节全译+详细详注+12幅高更画作+14幅毛姆照片）","97930条评论","99.9%推荐","毛姆","时代文艺出版社","17.00","45.00"
"71","沟通的方法（别怕，沟通是场无限游戏。得到CEO脱不花为你备好的沟通心法，助你在职场上一路开挂）团购电话:4001066666转6","91895条评论","100%推荐","脱不花","新星出版社","49.00","69.00"
"72","简爱（英国女作家夏洛蒂・勃朗特的长篇小说，翻译家宋兆霖未删节全译本）","251774条评论","99.7%推荐","夏洛蒂勃朗特","作家出版社","14.00","29.80"
"73","心安即是归处（季羡林百年生命智慧。央视《朗读者》多次动情朗读本书名篇，贾平凹、白岩松、金庸、林青霞诚意推荐）","282775条评论","100%推荐","季羡林","古吴轩出版社","21.80","49.00"
"74","四五快读 全彩图升级版――幼儿快速识字阅读法（全8册）(让孩子爱上阅读 快乐识字)[精选套装]","447961条评论","99.9%推荐","杨其铎","湖南科技出版社","105.70","211.40"
"75","歪歪兔逆商教育系列图画书合集全20册（儿童情绪与行为引导培养，逆商培养挫折教育，歪歪兔童书馆出品）","355584条评论","99.7%推荐","歪歪兔关键期早教项目组","海豚出版社","80.00","160.00"
"76","余秋雨 文化苦旅","649045条评论","99.8%推荐","余秋雨","长江文艺出版社","24.90","49.80"
"77","毛泽东选集（全四册，32开）","264510条评论","99.9%推荐","毛泽东","人民出版社","60.70","81.00"
"78","事实（比尔.盖茨送给全美大学生的毕业礼物！比尔.盖茨逢人就推荐的热门大书！）","120614条评论","100%推荐","汉斯・罗斯林","文汇出版社","49.50","99.00"
"79","小狗钱钱（附赠免费亲子财商课+理财秘籍思维导图）","273863条评论","100%推荐","博多・舍费尔","中信出版社","19.90","39.80"
"80","很美很美的猜谜书(升级版)：巴黎彩绘解谜手册！激发孩子数学兴趣入门书！172道谜题+200幅中世纪风格插画，精雕细琢的图腾，全书充满故事性与神秘感","45152条评论","100%推荐","法布里斯","北方文艺出版社","28.70","68.00"
"81","每天懂一点人情世故（经典畅销书）（全新修订版）南怀瑾、窦文涛、郭德纲、王蒙等名流推崇信奉的中华智慧","8335条评论","100%推荐","章岩","天津科学技术出版社","29.30","49.80"
"82","阿Q正传（收录鲁迅《阿Q正传》《狂人日记》《药》等17个中短篇小说）","211369条评论","99.6%推荐","鲁迅","北京联合出版公司","9.40","20.00"
"83","见识城邦・人类简史：从动物到上帝（新版）","715233条评论","99.9%推荐","尤瓦尔・赫拉利","中信出版社","46.90","68.00"
"84","苏东坡传（林语堂纪念典藏精装版）","625733条评论","99.9%推荐","林语堂","湖南文艺出版社","23.40","52.00"
"85","走遍世界 图说天下 寻梦之旅","149716条评论","100%推荐","王秀莉","四川人民出版社","22.10","29.90"
"86","霍乱时期的爱情（《百年孤独》作者马尔克斯传世巨著，展示爱情的所有可能）","812256条评论","100%推荐","哥伦比亚","南海出版公司","49.60","69.00"
"87","悲惨世界（法国大文豪雨果“命运三部曲”之一，未删节全译版）","93601条评论","99.9%推荐","维克多・雨果","作家出版社","41.40","88.00"
"88","万物由来科学绘本 写给孩子的科普绘本","285806条评论","100%推荐","项华","北京联合出版有限公司","35.70","42.00"
"89","如何让你爱的人爱上你 (你相信吗？你爱的人一定会爱上你！一本神奇之书让你见证奇迹)","149562条评论","99.8%推荐","莉尔","上海社会科学院出版社","23.40","46.80"
"90","有钱人和你想的不一样（2020版，教会你有钱人和穷人不一样的17种思考方式和行为）","114796条评论","99.9%推荐","哈维・艾克","湖南文艺出版社","20.30","45.00"
"91","皮囊（400万册纪念版，直面人生的难题，刻在骨头里的故事，容纳一个个既失去家乡又未到达远方的生命）","1223118条评论","99.9%推荐","蔡崇达","天津人民出版社","24.90","49.80"
"92","这就是二十四节气：升级版 全四册(文津图书奖获奖图书，请认准正版，朱永新教授、周成虎院士推荐，畅销500万册)","703805条评论","99.9%推荐","高春香","海豚出版社","75.00","150.00"
"93","魅影 : 中国古代神灵志异图鉴","3790条评论","99.9%推荐","林屋公子","万卷出版公司","68.00","68.00"
"94","罪与罚（“俄罗斯文学天才”陀思妥耶夫斯基成名之作，人能从洁白里拷打出罪恶，也能从罪恶中拷打出洁白）","26711条评论","99.9%推荐","陀思妥耶夫斯基","台海出版社","40.00","58.00"
"95","学会管自己幼儿版-歪歪兔自控力教育系列绘本（全10册，幼儿园情绪管理与时间管理绘本）","200398条评论","99.9%推荐","歪歪兔关键期早教项目组","海豚出版社","44.00","88.00"
"96","一九八四（又译“1984”。奥威尔代表作，反乌托邦杰作之一）","214260条评论","100%推荐","乔治・奥威尔","时代文艺出版社","12.50","32.00"
"97","在峡江的转弯处：陈行甲人生笔记","59129条评论","100%推荐","陈行甲","人民日报出版社","24.00","48.00"
"98","丁香妈妈科学养育：百位医生给新手妈妈的育儿解决方案","18093条评论","99.9%推荐","丁香妈妈","中信出版社","74.20","99.00"
"99","天幕红尘（热播电视剧天道原著畅销遥远的救世主作者豆豆三部曲之一作家出版社）","15171条评论","99.9%推荐","豆豆","作家出版社","24.00","48.00"
"100","人间词话（王国维先生的代表作，近代较富盛名的词话著作）","572930条评论","99.9%推荐","王国维","北京联合出版公司","14.00","29.80"
"101","沉默的大多数（爱智慧、爱自由、反对愚蠢，读王小波的“上头之选”！依据王小波手稿、生前定稿修订多年讹误，SHOU度以读者视角排定蕞佳阅读顺序。）","313691条评论","100%推荐","王小波","北京十月文艺出版社","29.50","59.00"
"102","心灵教科书绘本系列：西兰花先生的理发店（教会孩子：敢于打破常规思维，培养创新意识）丁虹绘本馆出品[3-6岁]","51427条评论","100%推荐","福田纯子","海豚出版社","29.90","59.80"
"103","钝感力（渡边淳一经典励志大作！央视新闻、《奇葩说》鼎力推荐，马东、蔡康永、杨天真、王俊凯推荐书目。写给易因小事敏感，什么都往心里去的人。)","406698条评论","99.8%推荐","渡边淳一","青岛出版社","16.00","32.00"
"104","儒林外史(56回全本，内容考证、文字句读全新修订版)","307526条评论","99.7%推荐","吴敬梓","花山文艺出版社","11.80","25.00"
"105","边城（沈从文代表作）","184979条评论","100%推荐","沈从文","中国友谊出版公司","15.70","32.00"
"106","丰乳肥臀（莫言用情极深的长篇代表作，女性苦难史）","136649条评论","99.9%推荐","莫言","浙江文艺出版社","31.10","69.00"
"107","小金鱼逃走了","235370条评论","100%推荐","五味太郎","新星出版社","17.50","35.00"
"108","神奇校车・桥梁书版（全20册）","1292178条评论","99.9%推荐","乔安娜柯尔","贵州人民出版社","75.00","150.00"
"109","富爸爸穷爸爸（新版本）当当投资理财类图书！本版随书附赠价值198元的“小白财商在线课程”","516449条评论","100%推荐","罗伯特・清崎","四川人民出版社","40.10","89.00"
"110","天堂旅行团（当当专享寄语印签环衬+精编小册子，继《全世界》《云边》之后，张嘉佳新书2021全新长篇力作）","67872条评论","100%推荐","张嘉佳","湖南文艺出版社","26.40","48.00"
"111","受害者游戏（女版东野圭吾 , 继《圣母》《暗黑女子》后又一力作，神反转日本推理悬疑）","2148条评论","99.9%推荐","秋吉理香子","中国友谊出版公司","17.90","39.80"
"112","窗边的小豆豆(2018版)","1512706条评论","99.9%推荐","黑柳彻子","南海出版公司","31.20","39.50"
"113","理想国（2020全译本，西方哲学的源头，清华大学、北京大学图书馆借阅榜首位）","16882条评论","100%推荐","柏拉图","民主与建设出版社","38.60","56.00"
"114","钱穆谈中国历史文化：中国历史精神","116611条评论","100%推荐","钱穆","贵州人民出版社","12.70","26.00"
"115","我失去你的那一天（当当专享亲笔签名版+寄语照片卡，陪伴千万人的人气电台主持人、畅销书作家蕊希重磅新作）","17086条评论","100%推荐","蕊希","湖南文艺出版社","24.90","49.80"
"116","人间词话（小嘉抖音推荐，叶嘉莹讲评本，诗词大家叶嘉莹逐条讲透、点评王国维诗词美学经典，读懂人生三境界）","23597条评论","100%推荐","王国维","万卷出版公司","34.00","68.00"
"117","枕上诗书系列  全4册套装（读ZUI美的诗，品ZUI深情的词，做更好的自己）","64901条评论","99.9%推荐","徐若央","现代出版社","49.50","180.00"
"118","半小时漫画中国史1-5（全5册）（中国史大结局！笑着笑着，大清就亡了！漫画科普开创者混子哥陈磊新作！）","64515条评论","100%推荐","陈磊","海南出版社","109.70","219.50"
"119","孩子读得懂的山海经（共3册）神话+神兽+异人国","163407条评论","100%推荐","兰梦醒","北京理工大学出版社","85.40","219.00"
"120","断舍离（2019新版，全新修订50%以上内容）宫崎骏、张德芬、李冰冰的减法哲学","321055条评论","100%推荐","山下英子","湖南文艺出版社","20.30","45.00"
"121","东野圭吾：悲剧人偶","145133条评论","100%推荐","东野圭吾","北京十月文艺出版社","24.70","49.50"
"122","人生没什么不可放下：弘一法师的人生智慧（弘一法师彻悟一生的人生真谛，帮你重遇未知的自己，逆袭人生！）","123757条评论","99.7%推荐","宋默","团结出版社","16.40","32.80"
"123","画给孩子的二十四节气 : 精装彩绘本（中国第五大发明，非物质文化遗产）","53713条评论","100%推荐","施英巍","吉林美术出版社","40.00","58.00"
"124","海蒂怀孕大百科（全新第5版，  百万育儿大V大J小D、年糕妈妈推荐！）","67689条评论","99.9%推荐","海蒂・麦考夫","南海出版公司","34.00","68.00"
"125","刀锋（“故事高手”毛姆晚年重要作品，兰登书屋典藏本全文翻译）","8301条评论","99.9%推荐","毛姆","江西人民出版社","18.00","36.00"
"126","复活（精装大开本，托尔斯泰三部曲之一，草婴翻译，无删节全译本）","33187条评论","99.9%推荐","列夫・托尔斯泰","时代文艺出版社","34.30","73.00"
"127","原来懂比爱更重要（入选壹心理“心理学影响力50人”的丛非从代表作，致想爱却不敢爱、敢爱却不懂爱的你）","4961条评论","99.9%推荐","丛非从","世界图书出版公司","24.50","49.00"
"128","也许你该找个人聊聊（入选2021豆瓣受关注图书榜、新京报年度阅读推荐榜；心理学泰斗欧文・亚隆推荐，心理学家李松蔚审校并作序）","37636条评论","100%推荐","洛莉・戈特利布","上海文化出版社","39.90","68.00"
"129","逻辑学入门：清晰思考、理性生活的88个逻辑学常识","44243条评论","100%推荐","格桑","中国纺织出版社","40.70","42.80"
"130","晚熟的人（莫言新书）","302586条评论","100%推荐","莫言","人民文学出版社","44.20","59.00"
"131","二十四节气自然绘本 让孩子了解自然的瞬息万变 科普百科绘本","152498条评论","100%推荐","肖克之","北京联合出版有限公司","67.90","79.90"
"132","世界上最棒的礼物――图画中隐藏无数细节，让小小孩玩过瘾！","112992条评论","100%推荐","赖马","北京联合出版有限公司","22.90","45.80"
"133","东野圭吾：解忧杂货店（胡歌、王俊凯、刘昊然倾情推荐，简体中文1000万册纪念版）","2446363条评论","99.7%推荐","东野圭吾","南海出版公司","44.20","59.00"
"134","厚黑学全集（足本典藏版，林语堂、南怀瑾、柏杨、李敖历经沉浮，感悟作序）","106692条评论","99.8%推荐","李宗吾","中国友谊出版公司","13.20","29.80"
"135","沧浪之水（某瓣8.5分，入围茅盾文学奖。职场小白、考公人的启蒙之书。2021版）","95017条评论","99.6%推荐","阎真","北京十月文艺出版社","24.50","49.00"
"136","阅读是一座随身携带的避难所（罗翔推荐版本。“阅读应该是愉悦的，怎么思考就有怎么样的人生”。）","37493条评论","100%推荐","毛姆","江西人民出版社","21.00","42.00"
"137","外婆的道歉信（外婆说，要大笑要做梦要与众不同。人生是一场伟大的冒险。销量突破100万册。随书附赠一封神秘道歉信）","566415条评论","99.9%推荐","弗雷德里克・巴克曼","天津人民出版社","29.00","42.00"
"138","古文观止（上下册，原文+导读+注释+翻译，特别适合青少年）","258746条评论","99.9%推荐","吴楚材","浙江教育出版社","24.40","52.00"
"139","围城","1168768条评论","99.8%推荐","钱钟书","人民文学出版社","30.80","39.00"
"140","古代人的日常生活2（典藏版）（古代房价高吗？古人如何抗疫？古人如何学外语？一本书满足你对古人日常生活的全部好奇！）","37047条评论","100%推荐","讲历史的王老师","江苏凤凰文艺出版社","37.90","75.90"
"141","明朝那些事儿增补版.全集（全新印签版）","352260条评论","99.9%推荐","当年明月","北京联合出版有限公司","393.00","405.00"
"142","bibi动物园：忍不住想打扰你（当当专享作者签章本，超人气原创治愈小漫画！随手一翻，嘴角一弯。2100万人点赞，阅读量超5亿！）","55496条评论","100%推荐","bibi","南海出版公司","35.20","49.00"
"143","小兔子学花钱系列・3~7岁孩子的财商启蒙绘本（全3册）（学花钱、学赚钱、学存钱，3岁对钱有概念，7岁会管零花钱！）","140851条评论","100%推荐","辛德斯・麦克劳德","河南文艺出版社","57.80","128.40"
"144","非暴力沟通（修订版）","681409条评论","100%推荐","马歇尔","华夏出版社","44.80","59.80"
"145","心理抚养","54060条评论","100%推荐","李玫瑾","上海三联书店","21.00","46.80"
"146","雪国（川端康成诺贝尔文学奖获奖作，全新精装典藏版）","361595条评论","99.8%推荐","川端康成","南海出版公司","24.50","49.00"
"147","小熊宝宝绘本（简装全15册）蒲蒲兰经典绘本！新手妈妈的育儿宝典！(0-3岁)","1003740条评论","99.7%推荐","佐佐木洋子","新世纪出版社","48.00","96.00"
"148","房思琪的初恋乐园 （豆瓣9.2高分！数百万读者强烈共鸣的文学绝唱）","466008条评论","100%推荐","林奕含","北京联合出版有限公司","42.80","45.00"
"149","男孩百科--优秀男孩的学习妙招","17188条评论","100%推荐","彭凡","化学工业出版社","13.80","25.00"
"150","东野圭吾：我的老师是侦探","82497条评论","100%推荐","东野圭吾","南海出版公司","19.75","39.50"
"151","窄门(我们所追求的幸福,究竟是来自于我们真正的内心?还是外界的定义?《窄门》会给你答案)","10800条评论","99.9%推荐","安德烈・纪德","民主与建设出版社","34.40","49.80"
"152","少年读山海经（地理+神话+怪兽+奇闻+古文，套装 全3册 ）","7315条评论","100%推荐","刘兴诗","青岛出版社","50.00","100.00"
"153","心流：最优体验心理学","92726条评论","100%推荐","米哈里・契克森米哈赖","中信出版社","33.80","49.00"
"154","我们仨（新版）","1516552条评论","99.8%推荐","杨绛","生活.读书.新知三联书店","21.00","28.00"
"155","苏菲的世界（平装新版）八年级阅读乔斯坦贾德哲学入门书作家出版社","362770条评论","100%推荐","乔斯坦・贾德","作家出版社","28.50","38.00"
"156","北斗儿童房专用挂图墙贴：中国地图・世界地图（儿童绘图版2张）","28188条评论","100%推荐","北斗童书","山东省地图出版社","39.00","39.00"
"157","他和她的猫（随机发货，当当专享定制甜蜜3D变幻卡，“唧唧的猫”甜蜜电竞题材作品，随书赠送书签、明信片、一封寄给周荡的神秘来信及信封）","74564条评论","99.9%推荐","唧唧的猫","江苏凤凰文艺出版社","16.50","35.00"
"158","《去见年少的你》（原名重生之拯救大佬计划，校园X救赎X治愈，风靡全网的高口碑超千万点击之作！实力黑马作者钟仅高口碑成名代表作）（风炫出品）","3991条评论","99.9%推荐","钟仅","江苏凤凰文艺出版社","27.80","42.80"
"159","理想国（商务印书馆汉译名著权威全译本，精装典藏版）","71299条评论","99.9%推荐","柏拉图","商务印书馆","34.00","68.00"
"160","铃木绘本系列宫西达也低幼认知绘本 知道我吃什么了吗+转啊转+？？（套装全3册）","9181条评论","100%推荐","宫西达也","海豚出版社","22.50","45.00"
"161","时间管理：充分利用一年的8760个小时","7084条评论","100%推荐","王济帆","中国纺织出版社","40.70","42.80"
"162","高效能人士的七个习惯（30周年纪念版）（全新增订版）（新增《纽约时报》畅销肖恩・柯维全新观点,管理大师吉姆・柯林斯作序）","237842条评论","100%推荐","史蒂芬・柯维","中国青年出版社","46.60","79.00"
"163","绝叫（罗翔推荐，长达四十年的恶女编年史，日本文学社会派推理小说 同名日剧《绝叫》原著）","41540条评论","99.9%推荐","叶真中显","北京联合出版有限公司","29.00","58.00"
"164","小王子（绘本版）","30462条评论","100%推荐","安东尼・德・圣","北京出版社","26.10","58.00"
"165","长安客（张颂文推荐，大唐版《人类群星闪耀时》，李白、杜甫、王维、白居易、元稹、柳宗元、刘禹锡、李商隐，八位诗人的命运特写）","86668条评论","100%推荐","北溟鱼","天津人民出版社","22.50","45.00"
"166","如意蛋（典藏版）","11150条评论","99.3%推荐","大风刮过","江苏凤凰文艺出版社","45.00","45.00"
"167","在细雨中呼喊（余华活着许三观卖血记兄弟文城长篇代表作之一作家出版社）","125793条评论","100%推荐","余华","作家出版社","22.70","33.00"
"168","刘擎西方现代思想讲义（奇葩说导师、得到App主理人刘擎讲透西方思想史，马东、罗振宇、陈嘉映、施展力荐）","81847条评论","100%推荐","刘擎","新星出版社","62.40","79.00"
"169","中国通史（吕思勉先生写给普通读者的中国通史入门书）","182500条评论","99.6%推荐","吕思勉","民主与建设出版社","15.50","39.80"
"170","给男孩的情绪管理绘本（套装全5册）","37448条评论","99.9%推荐","乐凡","青岛出版社","45.00","90.00"
"171","秘密 （日本读者票选东野作品第 2名，仅次于《白夜行》）","416155条评论","98.6%推荐","东野圭吾","南海出版公司","22.50","45.00"
"172","东野圭吾：嫌疑人X的献身（易烊千玺、王凯推荐，至为纯粹的爱情，绝好的诡计）","860876条评论","99.6%推荐","东野圭吾","南海出版公司","24.10","35.00"
"173","不一样的卡梅拉手绘本（1-12册）","882578条评论","99.7%推荐","克利斯提昂","２１世纪出版社","58.50","120.00"
"174","半小时漫画三国演义（哈哈哈哈一顿大笑，三国故事全知道！桃园结义、三顾茅庐、草船借箭，三国故事全收录！混子哥陈磊新作）","23468条评论","100%推荐","陈磊・半小时漫画团队","河南文艺出版社","27.40","54.90"
"175","半小时漫画论语（孔子原来这么爱吐槽！看孔子和弟子们卖萌吐槽，人生哲理全学到！混子哥陈磊新作！）","33889条评论","100%推荐","陈磊・半小时漫画团队","文汇出版社","29.90","59.90"
"176","早起的奇迹","36921条评论","100%推荐","哈尔・埃尔罗德","广东人民出版社","19.90","39.80"
"177","中国历代政治得失 钱穆（新校本）","218151条评论","99.8%推荐","钱穆","九州出版社","12.00","16.00"
"178","人性的弱点（戴尔・卡耐基成功学的奠基之作）","211884条评论","99.7%推荐","卡耐基","北京联合出版公司","14.00","29.80"
"179","双城记（狄更斯经典代表作，逝世150周年纪念版！翻译泰斗宋兆霖权威译本。）","39418条评论","99.9%推荐","查尔斯・狄更斯","台海出版社","34.40","49.80"
"180","金字塔原理大全集（共2册）（思考表达和解决问题的逻辑，“抖音同款”麦肯锡40年经典培训教材）","84299条评论","100%推荐","芭芭拉","南海出版公司","88.00","176.00"
"181","海子的诗","50406条评论","100%推荐","海子","中国华侨出版社","17.10","38.00"
"182","前世今生:生命轮回的启示","76617条评论","99.3%推荐","布莱恩・魏斯","光明日报出版社","14.20","32.00"
"183","古代人的日常生活（古代的光棍多吗？古人怎么擦屁屁？古人夏天如何驱蚊？满足你对古人日常生活的全部好奇！）（当当典藏版）","141291条评论","100%推荐","讲历史的王老师","江苏凤凰文艺出版社","34.90","69.90"
"184","苍炎（世界花样滑冰王者羽生结弦个人自传）","1985条评论","100%推荐","羽生结弦","北京联合出版有限公司","32.50","65.00"
"185","红岩","630802条评论","99.9%推荐","罗广斌","中国青年出版社","27.00","36.00"
"186","亲密关系（第6版）","70499条评论","99.9%推荐","罗兰・米勒","人民邮电出版社","114.80","138.00"
"187","万历十五年 一本好书 腾讯视频栏目推荐","790177条评论","99.4%推荐","黄仁宇","生活.读书.新知三联书店","17.90","26.00"
"188","月亮和六便士（毛姆代表作之一，全新导读+无删节详注版）","588344条评论","99.9%推荐","毛姆","时代文艺出版社","12.70","27.00"
"189","非自然死亡：我的法医笔记（法医秦明冠名推荐，15年法医生涯，19宗真实案件改编。全网阅读超1亿人次！）","79614条评论","100%推荐","刘晓辉","台海出版社","26.00","52.00"
"190","东野圭吾：长长的回廊（凄美决绝的悬疑推理力作，日剧《回廊亭杀人事件》原著，张新成、邓家佳主演的网剧热拍中）","24757条评论","100%推荐","东野圭吾","南海出版公司","29.50","59.00"
"191","飘（上下） 世界名著典藏","147208条评论","99.8%推荐","米切尔","中央编译出版社","25.00","50.00"
"192","如果历史是一群喵9・五代十国篇","30248条评论","100%推荐","肥志","广东旅游出版社","44.80","59.80"
"193","刻意练习：如何从新手到大师","316293条评论","100%推荐","安德斯・艾利克森","机械工业出版社","29.50","59.00"
"194","心若菩提(增订本)","74469条评论","100%推荐","曹德旺","人民出版社","66.70","79.00"
"195","暖房子・屁屁侦探系列（套装共7册）","62526条评论","100%推荐","Troll","海豚出版社","57.50","115.00"
"196","偷偷藏不住（共2册）","140404条评论","100%推荐","竹已","青岛出版社","38.87","59.80"
"197","终身成长：重新定义成功的思维模式","272977条评论","100%推荐","卡罗尔・德韦克","江西人民出版社","24.90","49.80"
"198","非常疑犯（“法医笔记”系列重磅新作。《时代周刊》报道的中国法医，根据追踪10年的连环杀人案写成。有声剧播放超1000万。）","30420条评论","100%推荐","红眸","天津人民出版社","26.00","52.00"
"199","洛克菲勒留给儿子的38封信","106818条评论","99.8%推荐","洛克菲勒","中华工商联合出版社","9.90","28.00"
"200","半小时漫画中国史（春节礼盒限量版）（过年送孩子半小时漫画，看得笑哈哈，来年当学霸！）（中国史1-5完结＋传统节日，共6册）","12456条评论","100%推荐","陈磊・半小时漫画团队","海南出版社","129.70","259.40"
"201","她来了请准备（月经来了，你准备好了吗？）","12831条评论","100%推荐","优米・斯泰恩斯","海豚出版社","29.50","59.00"
"202","狼王梦（升级版）/动物小说大王沈石溪・品藏书系","670765条评论","99.9%推荐","沈石溪","浙江少年儿童出版社","13.00","26.00"
"203","姥姥语录（精装增订本）本书全新推出增订本，增订本中将收录10余篇倪萍近年新文章，以及20余幅新的画作。","61949条评论","99.9%推荐","倪萍","长江文艺出版社","21.00","42.00"
"204","月亮与六便士（荣获豆瓣9.4高分评论，一本好书 腾讯视频栏目推荐）","184883条评论","99.8%推荐","毛姆","南海出版公司","17.50","35.00"
"205","当下的力量（珍藏版）","196152条评论","99.9%推荐","埃克哈特.托利","中信出版社","22.00","32.00"
"206","从前我死去的家","86455条评论","99.8%推荐","东野圭吾","北京十月文艺出版社","24.70","49.50"
"207","许三观卖血记（2017精装典藏版，增录新版自序）","48330条评论","100%推荐","余华","北京十月文艺出版社","27.20","39.50"
"208","协和专家孕产大百科（汉竹）","32226条评论","100%推荐","马良坤","江苏科学技术出版社","22.40","49.80"
"209","聂鲁达情诗全集：二十首情诗和一首绝望的歌","79349条评论","99.7%推荐","巴勃罗・聂鲁达","南海出版公司","19.70","39.50"
"210","写给儿童的中国历史（中国孩子的历史启蒙，真正写给孩子看的中国通史，全彩铜版14册）","962696条评论","99.8%推荐","陈卫平","新世界出版社","177.50","355.00"
"211","瓦尔登湖(珍藏本) 朗读者朗读书目","589873条评论","99.7%推荐","梭罗","中国三峡出版社","11.20","28.00"
"212","半小时漫画宇宙大爆炸（半小时读完138亿年宇宙史，一口气搞懂大爆炸、奇点、黑洞、引力波、暗物质……混子哥陈磊新作！）","14440条评论","100%推荐","陈磊・半小时漫画团队","浙江科学技术出版社","24.50","49.00"
"213","科幻世界・三体（典藏版）","80317条评论","99.9%推荐","刘慈欣","重庆出版社","13.00","26.00"
"214","第七天（2018版）","486535条评论","99.8%推荐","余华","新星出版社","27.20","39.50"
"215","这题超纲了2  亲签或5款印签随机掉落  附赠明信片×2  拍立得拉页明信片×1","398条评论","99.7%推荐","木瓜黄","长江文艺出版社","29.00","42.00"
"216","法医秦明.遗忘者（法医秦明系列众生卷第二季瞩目新作！）","28586条评论","99.9%推荐","法医秦明","北京联合出版有限公司","24.00","48.00"
"217","中华人民共和国民法典(32开压纹烫金版 附草案说明)2021年1月起正式施行  团购电话：4001066666转6","141313条评论","99.9%推荐","法律出版社","法律出版社","7.50","28.00"
"218","100层的房子系列（全4册，《100层的房子》+《地下100层的房子》+《海底100层的房子》+《天空100层的房子》）","211973条评论","100%推荐","岩井俊雄","北京科学技术出版社","78.00","156.00"
"219","哈利・波特（套装1-7册） (平装)《语文》教材推荐阅读书目，外国儿童文学经典，新英国版封面平装版","382997条评论","99.7%推荐","J.K.罗琳","人民文学出版社","294.70","438.00"
"220","用孩子的逻辑，化解孩子的情绪（一本从事幼教20年从未动怒的优雅教养书！言传身教帮助父母走出情绪恶性循环！范玮琪好评推荐！）","38835条评论","100%推荐","郑婉瑜","天地出版社","16.20","36.00"
"221","秘密（经典身心灵励志读物，为人生带来喜悦转变的能量之书，“吸引力法则”三部曲扛鼎之作。）","198252条评论","99.7%推荐","朗达・拜恩","湖南文艺出版社","25.20","56.00"
"222","东野圭吾：时生（东野圭吾暖心力作）","324074条评论","98.8%推荐","东野圭吾","南海出版公司","19.70","39.50"
"223","全员嫌疑人（本以为真相水落石出，没想到真凶另有其人！大山诚一郎专注于多重反转的烧脑神作！）（读客悬疑文库）","11071条评论","99.9%推荐","大山诚一郎","河南文艺出版社","21.00","42.00"
"224","真希望我父母读过这本书","61522条评论","100%推荐","菲莉帕・佩里","中信出版社","31.20","48.00"
"225","中华人民共和国民法典（实用版）2021年1月起正式施行  团购电话：4001066666转6","288729条评论","99.9%推荐","中国法制出版社","中国法制出版社","28.90","65.00"
"226","青铜葵花正版曹文轩纯美小说7-8-9-10-12岁草房子系列儿童文学校园青少年版四五六年级下册小学生课外阅读书籍全套原版完整版","431165条评论","99.9%推荐","曹文轩","江苏少年儿童出版社","10.90","22.00"
"227","熔城 珍藏版（全两册）当当专享印签+“熔城”自封袋+随书赠品15款","839条评论","99.9%推荐","巫哲","九州出版社","76.00","99.60"
"228","情绪的毒身体知道（读懂身体发出的求救信号，从身体症状找到控制情绪的开关，启动身体自愈力做自己的心理医生）","13128条评论","100%推荐","自凝心平","北京日报出版社","21.90","49.90"
"229","彩虹色的花","237360条评论","100%推荐","麦克","二十一世纪出版社","23.00","46.00"
"230","暖萌科学绘本 和爸妈去旅行","89802条评论","100%推荐","黄宇","北京联合出版有限公司","21.70","24.90"
"231","原则 principles 雷・达里奥著 跨年演讲推荐图书 团购电话:4001066666转6","307487条评论","100%推荐","瑞・达利欧","中信出版社","67.60","98.00"
"232","每天演好一个情绪稳定的成年人","98235条评论","100%推荐","老杨的猫头鹰","湖南文艺出版社","20.30","45.00"
"233","岩井俊二：情书（2018精装版）","139038条评论","99.8%推荐","岩井俊二","南海出版公司","22.50","45.00"
"234","他笑时风华正茂","25030条评论","99.8%推荐","舒远","百花洲文艺出版社","14.70","34.80"
"235","民国往事","179120条评论","99.1%推荐","萨沙","北京联合出版公司","6.40","18.00"
"236","浮生六记（非常容易读懂原文的版本：详细注解+准确优美直译。获得台湾认可并引进出版的大陆版）","136561条评论","99.9%推荐","沈复","时代文艺出版社","16.80","35.00"
"237","夜晚的潜水艇(第四届宝珀理想国文学奖得主陈春成短篇小说集，游荡于旧山河与未知宇宙间，汉语的一种风度与可能性)","85004条评论","100%推荐","陈春成","上海三联书店","39.00","52.00"
"238","佛陀传：全世界影响力深远的佛陀传记（影响力遍及各国的佛陀传记。佛法的起源与奥妙，就这样在您面前徐徐展开）","82287条评论","99.7%推荐","一行禅师","河南文艺出版社","24.00","48.00"
"239","疑案里的中国史（一部书解读历史上的四十大疑案，历史界福尔摩斯，带你无限接近中国历史的真相！）","5072条评论","99.9%推荐","艾公子","辽宁人民出版社","27.70","65.00"
"240","别想太多啦：在复杂的世界里，做一个简单的人（情绪疗愈指南，随手翻开，就能获得舍离烦恼的勇气。）","76013条评论","100%推荐","名取芳彦","天津人民出版社","22.50","49.90"
"241","夏日终曲（第90届奥斯卡获奖电影《请以你的名字呼唤我》原著小说，获最佳改编剧本奖）","150275条评论","100%推荐","安德烈・艾席蒙","外语教学与研究出版社","28.70","39.90"
"242","这就是物理（函套10册）","191499条评论","100%推荐","约瑟夫・米森","北京理工大学出版社","77.70","200.00"
"243","小巴掌童话注音版8册百篇张秋生著 小学生课外读本","249955条评论","100%推荐","张秋生","山东科学技术出版社","31.00","110.40"
"244","沙丘六部曲（同名电影全国上映！《降临》导演执导、“甜茶”“灭霸”、张震等主演。每个“不可不读”的书单上都有《沙丘》）","48549条评论","100%推荐","弗兰克・赫伯特","江苏文艺出版社","197.40","394.90"
"245","你想活出怎样的人生（宫崎骏从10岁读到70岁的小说，同名电影制作中，登顶日本2018图书总榜）","205781条评论","100%推荐","吉野源三郎","南海出版公司","24.70","49.50"
"246","小猪唏哩呼噜(注音版上下)","599799条评论","99.9%推荐","孙幼军","春风文艺出版社","23.60","40.00"
"247","自卑与超越（亚洲心理学会会长黄光国完整全译本，白岩松推荐）","17326条评论","99.4%推荐","阿尔弗雷德・阿德勒","民主与建设出版社","19.90","39.80"
"248","开端（正午阳光无限流《开端》白敬亭、赵今麦主演的同名电视剧原著小说）","371条评论","99.5%推荐","祈祷君","青岛出版社","24.90","49.80"
"249","李诞脱口秀工作手册（李诞分享创作经验！创意是智力活儿，也是体力活儿，归根结底是苦力活儿！）","27778条评论","100%推荐","李诞","江苏凤凰文艺出版社","21.00","42.00"
"250","半小时漫画青春期：生理篇（从变声长痘到脸红心跳，笑着笑着解决青春期困扰！爆笑全解生理知识）","54341条评论","100%推荐","陈磊・半小时漫画团队","天津科学技术出版社","24.50","49.00"
"251","手不是用来打人的（儿童好品德系列，全5册）孩子多读就见效的习惯养成书，缓解新手爸妈育儿焦虑，王志庚、孙莉莉、朱爱朝推荐","414540条评论","99.9%推荐","伊丽莎白・弗迪克","贵州教育出版社","49.50","99.00"
"252","米小圈脑筋急转弯（第一辑）（套装共4册）","618067条评论","95.1%推荐","北猫","四川少儿出版社","31.40","64.00"
"253","谈判：如何在博弈中获得更多(第四版)Everything is Negotiable","265903条评论","99.9%推荐","盖温・肯尼迪","民主与建设出版社","22.50","45.00"
"254","我有友情要出租（拼音版）","195372条评论","100%推荐","方素珍","新疆青少年出版社","13.20","18.00"
"255","曾医生让你早知道（当当专享签章版+健康手册，协和博士、朝阳医院医师曾医生写给你的健康指南）","32596条评论","100%推荐","普外科曾医生","湖南科技出版社","32.50","65.00"
"256","信谊世界精选图画书-猜猜我有多爱你","101294条评论","100%推荐","山姆・麦克布雷尼","明天出版社","25.80","43.80"
"257","轻狂2 畅销书作家巫哲燃情力作 当当专属印签版！","26654条评论","100%推荐","巫哲","百花文艺出版社","20.20","45.00"
"258","新参者（2016版）","229955条评论","99.8%推荐","东野圭吾","南海出版公司","19.70","39.50"
"259","时代广场的蟋蟀：麦克米伦世纪大奖小说最新升级版","479380条评论","100%推荐","乔治・塞尔登","二十一世纪出版社","11.20","25.00"
"260","十二生肖的故事――首届丰子恺儿童图画书奖得主  赖马作品！","124166条评论","100%推荐","赖马","河北教育出版社","22.90","45.80"
"261","三体Ⅹ・观想之宙（典藏版）","14736条评论","100%推荐","宝树","重庆出版社","10.50","21.00"
"262","断舍离（经典断舍离，山下英子初版全本）","1083517条评论","99.8%推荐","山下英子","广西科学技术出版社","14.40","32.00"
"263","遇见未知的自己：全新修订版","361582条评论","99.9%推荐","张德芬","湖南文艺出版社","23.40","52.00"
"264","最富足的投资","13643条评论","100%推荐","吉姆・罗杰斯","民主与建设出版社","20.30","45.00"
"265","不吼不叫：如何平静地让孩子与父母合作","402151条评论","99.9%推荐","罗娜・雷纳","上海社会科学院出版社","16.40","32.80"
"266","银火箭少年科幻系列・第1辑（8册。“雨果奖”得主、三体作者刘慈欣主编，套装内作者作品曾获银河奖特等奖等多项国际大奖）","627687条评论","100%推荐","刘慈欣","浙江教育出版社","99.00","256.00"
"267","罗尔德・达尔作品典藏（彩图拼音版）―了不起的狐狸爸爸","276225条评论","100%推荐","罗尔德・达尔","明天出版社","13.40","28.00"
"268","广告说服力：基于实证研究的195条广告原理","1082条评论","99.9%推荐","斯科特・阿姆斯特朗","商务印书馆","133.50","158.00"
"269","张医生与王医生（南都年度十大好书！新周刊刀锋图书奖年度纪实作品！两个人，一座城，一个时代）","6985条评论","100%推荐","伊险峰","文汇出版社","34.00","68.00"
"270","学习高手（90后哈佛耶鲁高分毕业生超实用学习法）","156650条评论","100%推荐","李柘远","北京联合出版有限公司","52.30","55.00"
"271","向上生长（九边作品。让选择变得精准，让机遇不再错失。 悉数解决人生困惑问题，实现向上生长。）","124100条评论","100%推荐","九边","贵州人民出版社","22.50","45.00"
"272","东野圭吾：假面山庄（东野圭吾烧脑长篇）","163034条评论","100%推荐","东野圭吾","北京十月文艺出版社","22.50","45.00"
"273","尸语者：公安厅从未公开的法医禁忌档案（2018全新修订，严屹宽、代斯、耿乐、郝劭文主演电影《秦明・生死语者》原著小说）","43653条评论","100%推荐","法医秦明","湖南文艺出版社","18.00","39.80"
"274","小鸡球球成长绘本系列：全6册","457104条评论","99.9%推荐","入山智","长江少年儿童出版社","67.90","142.80"
"275","流浪的地球（《三体》作者刘慈欣绚丽想象力之作，大人孩子均可阅读。)","627687条评论","100%推荐","刘慈欣","浙江教育出版社","14.20","29.00"
"276","动物农场（乔治・奥威尔经典的讽喻之作 ，也译“动物庄园”，后附英文版）","70249条评论","100%推荐","乔治・奥威尔","时代文艺出版社","11.80","24.00"
"277","人生的枷锁（又译《人性的枷锁》，毛姆自认的完美作品，写给在现实中迷茫的每一个人）","83784条评论","99.8%推荐","威廉・萨默赛特・毛姆","作家出版社","24.50","50.00"
"278","第一人称单数（村上春树2021新书，村上回归之作！随书附赠音乐导览手册）","21586条评论","99.9%推荐","村上春树","花城出版社","53.20","56.00"
"279","美国儿科学会育儿百科（第7版）","376088条评论","100%推荐","塔尼娅・奥尔特曼","北京科学技术出版社","81.00","108.00"
"280","崔玉涛育儿百科","81089条评论","100%推荐","崔玉涛","中信出版社","89.00","178.00"
"281","偷窥者：法医秦明系列第六季（李现推荐）","62399条评论","99.9%推荐","秦明","湖南文艺出版社","19.00","38.00"
"282","活着，得有点兴致(汪曾祺作品)","14774条评论","100%推荐","汪曾祺","江苏凤凰文艺出版社","12.70","39.80"
"283","米小圈上学记一年级（套装共4册）","579580条评论","100%推荐","北猫","四川少儿出版社","49.00","100.00"
"284","郑渊洁四大名传：皮皮鲁传","400303条评论","99.4%推荐","郑渊洁","浙江少年儿童出版社","13.00","29.00"
"285","余秀华作品3册精选套装（月光落在左手上+我们爱过又忘记+无端欢喜）","12946条评论","100%推荐","余秀华","北京十月文艺出版社","77.50","155.00"
"286","我爱天下一切狗 季羡林散文集（爱尽万物，自在不言。）","33499条评论","100%推荐","季羡林","光明日报出版社","24.50","49.00"
"287","易经的奥秘：完整版","57756条评论","100%推荐","曾仕强","北京时代华文书局","44.10","64.00"
"288","有本事（冯唐全新力作,一个人有本事才是靠得住的财富。）","28293条评论","100%推荐","冯唐","北京联合出版有限公司","55.10","58.00"
"289","果麦经典：人类群星闪耀时（小米之父雷军、易中天、冯唐推荐！茨威格名作，十四篇历史特写：当改变命运的时刻降临，犹豫就会败北！)","48920条评论","100%推荐","斯蒂芬・茨威格","上海文艺出版社","24.50","49.00"
"290","财务自由之路：7年内赚到你的第一个1000万（团购电话:4001066666转6）","139788条评论","99.9%推荐","博多・舍费尔","现代出版社","21.40","45.00"
"291","半小时漫画党史1921―1949（针对青少年研发，给孩子们讲党的故事！严肃活泼的极简漫画党史！）（半小时漫画系列）","49条评论","93.9%推荐","上海人民出版社","上海人民出版社","24.90","49.90"
"292","银河帝国：基地（人类历史上不容错过的系列小说。被马斯克用火箭送上太空的科幻神作，百万册珍藏版）（读客科幻文库）","196954条评论","100%推荐","艾萨克・阿西莫夫","江苏文艺出版社","22.50","45.00"
"293","哲学家们都干了些什么（一部既严谨又不严肃的哲学史）","109343条评论","99.7%推荐","林欣浩","北京联合出版公司","26.00","52.00"
"294","他最野了（全2册）曲小蛐代表作","64196条评论","100%推荐","曲小蛐","江苏凤凰文艺出版社","46.80","68.00"
"295","华夏万卷 楷书入门6件套 楷书字帖田英章书钢笔字帖成人学生硬笔书法教程初学者基础字帖(赠控笔训练)","58063条评论","100%推荐","田英章","上海交通大学出版社","29.70","66.00"
"296","塔木德","104397条评论","99.6%推荐","塔尔莱特・赫里姆","中国画报出版社","10.00","36.00"
"297","把自己当回事儿（杨天真的沟通秘籍！蔡康永、樊登、罗永浩真挚推荐，李诞、马伊�P、脱不花诚意作序。）","125462条评论","100%推荐","杨天真","北京联合出版有限公司","53.20","56.00"
"298","男孩、鼹鼠、狐狸和马（三川玲真情推荐！当代《小王子》！）","27172条评论","100%推荐","查理・麦克西","北京联合出版有限公司","44.00","88.00"
"299","三毛全集02：撒哈拉的故事","413210条评论","100%推荐","三毛","北京十月文艺出版社","24.10","35.00"
"300","深情可抵岁月长套装（全2册）春风榴火代表作（网络原名：重回我爸当校草那几年）","7556条评论","100%推荐","春风榴火","江苏凤凰文艺出版社","71.10","90.00"
"301","夏洛的网(2020版）（三年级阅读经典书目）","1093316条评论","99.3%推荐","怀特","上海译文出版社","30.30","37.00"
"302","这里是中国 2019年度中国好书 文津图书奖获奖作品","116786条评论","99.9%推荐","星球研究所","中信出版社","109.00","168.00"
"303","科幻世界・三体Ⅲ・死神永生（典藏版）","53598条评论","99.9%推荐","刘慈欣","重庆出版社","24.00","48.00"
"304","社会心理学（第11版）","234345条评论","99.8%推荐","戴维・迈尔斯","人民邮电出版社","106.50","128.00"
"305","道德经 精装珍藏本","46324条评论","100%推荐","老子","作家出版社","12.70","32.80"
"306","抱住棒棒的自己（武志红强烈推荐。“过去的我已经做得很棒了，剩下的我真的可以慢慢来。”“徐慢慢心理话”心理咨询案例漫画。）","13188条评论","100%推荐","徐慢慢心理话","浙江文艺出版社","29.90","59.80"
"307","长津湖（全景式刻画长津湖战役的史诗力作）","6068条评论","100%推荐","王筠","北京十月文艺出版社","24.50","49.00"
"308","黄金时代（2021版，王小波成名代表作，当代文学经典！罗翔、肖战、朱一龙、麦家、李诞都在读王小波。)","105096条评论","100%推荐","王小波","北京十月文艺出版社","40.70","59.00"
"309","致我独一无二的宝贝（联合国秘书长安东尼奥・古特雷斯高度评价，母婴育儿大V小土大橙子翻译，荣获独立图书*奖）","89332条评论","100%推荐","沙尼・金","湖南美术出版社","18.00","45.00"
"310","花婆婆――清华附小推荐的经典绘本！美国国家图书奖作品！","477455条评论","99.5%推荐","芭芭拉库尼","河北教育出版社","19.90","39.80"
"311","一间只属于自己的房间（李银河推荐的女性主义奠基作品；随书赠送6张唯美明信片）","11745条评论","100%推荐","弗吉尼亚・伍尔夫","天津人民出版社","22.50","45.00"
"312","和爸爸一起科学启蒙绘本（全8册+66个彩蛋，歪歪兔出品）","6771条评论","99.9%推荐","关航","海豚出版社","75.00","150.00"
"313","字母表谜案（怪异君推荐！当你隐隐觉得不对劲，致命的恶意正悄悄逼近！大山诚一郎封神之作！）（客悬疑文库）","56116条评论","100%推荐","大山诚一郎","河南文艺出版社","21.00","42.00"
"314","牛虻（我一定要走自己的路，追随我所见到的光明。无数人因为读它重获力量）","19979条评论","99.9%推荐","艾捷尔・丽莲・伏尼契","台海出版社","34.40","49.80"
"315","暖房子・屁屁侦探系列（套装共6册）","88522条评论","100%推荐","Troll","北京联合出版有限公司","48.00","96.00"
"316","原声触摸发声书：听，什么声音（套装全6册）","249609条评论","99.9%推荐","YOYO出版社","开明出版社","149.50","330.00"
"317","愿你慢慢长大（与刘瑜、周国平、冯唐等名家一起开始一场温柔的教养旅程，聊一聊关于教养的真心话，感受孩子成长的真实意义。）","190355条评论","100%推荐","刘瑜","北京联合出版有限公司","22.50","45.00"
"318","西尔斯怀孕百科（全新升级典藏版）","217966条评论","99.9%推荐","威廉・西尔斯","南海出版公司","44.00","88.00"
"319","我爸爸+我妈妈（全2册）――清华附小推荐经典儿童绘本 ！（启发童书馆出品）","806721条评论","99.7%推荐","安东尼","河北教育出版社","60.00","79.60"
"320","显微镜下的大明（马伯庸著，全新明朝历史书）","132551条评论","100%推荐","马伯庸","湖南文艺出版社","23.40","52.00"
"321","七田真全脑开发练习册:专注力与记忆力+数学与逻辑思维（3～4岁,全6册）","62990条评论","100%推荐","七田教育研究所","化学工业出版社","59.80","119.60"
"322","可复制的领导力：樊登的9堂商业课（团购，请致电400-106-6666转6）","198341条评论","100%推荐","樊登","中信出版社","36.70","49.00"
"323","科幻世界・三体Ⅱ・黑暗森林（典藏版）","54911条评论","99.9%推荐","刘慈欣","重庆出版社","21.00","42.00"
"324","悉达多（诺贝尔文学奖得主赫尔曼・黑塞的代表作，德文直译，原版呈现。）","12833条评论","100%推荐","赫尔曼・黑塞","民主与建设出版社","34.40","49.80"
"325","痴人之爱（7次获诺贝尔文学奖提名）","12411条评论","100%推荐","谷崎润一郎","台海出版社","34.40","49.80"
"326","愿望的实现（手绘精美插图，亚洲诺贝尔文学奖得主泰戈尔代表作之一）","36725条评论","100%推荐","泰戈尔","浙江工商大学出版社","9.90","19.80"
"327","没头脑和不高兴（注音版）","440117条评论","100%推荐","任溶溶","浙江少年儿童出版社","12.50","25.00"
"328","张文鹤护肤指南（皮肤科专家张文鹤20年临床经验总结一本守护全家人的皮肤健康书！）","138052条评论","100%推荐","张文鹤","科学技术文献出版社","61.80","65.00"
"329","数学帮帮忙（全25册+导读手册）超值礼盒装 （多功能数学绘本，清华附小公开课指定用书！小学数学学习）","295741条评论","99.9%推荐","达芙妮・斯金纳","新蕾出版社","137.50","275.00"
"330","和爸妈游中国 给孩子的手绘中国地理绘本","97131条评论","99.9%推荐","黄宇","明天出版社","67.90","79.90"
"331","法医秦明：无声的证词","22328条评论","100%推荐","法医秦明","江苏凤凰文艺出版社","24.00","48.00"
"332","共情的力量：情商高的人，如何抚慰受伤的灵魂","238047条评论","100%推荐","亚瑟・乔拉米卡利","中国致公出版社","22.40","49.80"
"333","放学后（东野圭吾成名作）","323837条评论","100%推荐","东野圭吾","南海出版公司","33.70","45.00"
"334","圣女的救济（东野圭吾经典长篇小说）","212025条评论","99.9%推荐","东野圭吾","南海出版公司","22.50","45.00"
"335","李佳琦直播推荐 学会爱自己（防性侵，安全意识、行为习惯培养绘本，全14册）","387876条评论","99.8%推荐","珊蒂克雷文","青岛出版社","96.00","192.00"
"336","起床后的黄金1小时（风靡日本的1小时习惯改造法，助你成为自律、精进、高效的人。想过什么样的人生，就过什么样的早晨！）","69224条评论","100%推荐","池田千惠","北京日报出版社","27.50","55.00"
"337","你想过怎样的一生？年度心灵治愈绘本，人生没有标准答案，没有“应该要过”的人生，只有“想要过的人生”","24970条评论","100%推荐","海克・法勒","北京联合出版有限公司","59.00","118.00"
"338","米小圈漫画成语（第一辑）（套装共5册）","478950条评论","100%推荐","北猫","四川少儿出版社","49.00","100.00"
"339","人间告白（何炅、谢娜、 易烊千玺推荐，花生妈妈金鱼酱写给儿子的信）","110506条评论","100%推荐","金鱼酱","百花洲文艺出版社","24.90","49.80"
"340","天才在左 疯子在右(全新完整版)","1486690条评论","99.9%推荐","高铭","北京联合出版有限公司","47.30","49.80"
"341","岛上书店（李现推荐，每个人的生命中，都有无比艰难的那一年，将人生变得美好而辽阔。加・泽文感动读者的治愈小说！）","1301593条评论","99.9%推荐","加・泽文","江苏文艺出版社","17.50","35.00"
"342","财务自由之路（全三册）当当专享版 赠送精美书签","77357条评论","99.9%推荐","博多・舍费尔","现代出版社","61.00","135.00"
"343","时间简史（插图本）（央视《朗读者》推荐）","669389条评论","99.6%推荐","史蒂芬・霍金","湖南科技出版社","22.50","45.00"
"344","瓦尔登湖（瓦尔登湖畔，不只是身体的栖息之所，更是精神的沉思之地）","228370条评论","99.5%推荐","亨利戴维梭罗","作家出版社","11.80","25.00"
"345","一日三秋（刘震云睽违四年新作，用幽默化解成年人的崩溃瞬间，人生中总有一日胜过三秋）","24136条评论","100%推荐","刘震云","花城出版社","29.00","58.00"
"346","屁屁侦探思维进阶版 第一辑（精装4册）","44827条评论","100%推荐","Troll","二十一世纪出版社","77.00","140.00"
"347","伤心书――安徒生奖获得者昆廷.布莱克作品！","4932条评论","100%推荐","迈克尔.罗森","北京联合出版公司","22.90","45.80"
"348","少有人走的路：心智成熟的旅程（白金升级版）","174384条评论","100%推荐","M.斯科特・派克","北京联合出版有限公司","24.70","42.00"
"349","观山海  “百鬼画师”杉泽绝美诠释山海经","242928条评论","99.9%推荐","杉泽","湖南文艺出版社","75.60","168.00"
"350","见识城邦・娱乐至死","185579条评论","99.7%推荐","波兹曼","中信出版社","26.20","38.00"
"351","我与地坛（纪念版）","252377条评论","99.8%推荐","史铁生","人民文学出版社","20.00","29.00"
"352","中国式应酬应酬是门技术活应酬书籍饭局技巧餐桌礼仪人际交往技巧沟通技巧处世智慧 教你混社会中国式饭局","24551条评论","99.9%推荐","武敬敏","北京联合出版公司","35.40","59.00"
"353","大宇宙  和爸妈游太空  给孩子的手绘天文绘本","155276条评论","100%推荐","马劲","北京联合出版有限公司","67.90","79.90"
"354","从你的全世界路过：修订本（张嘉佳亲笔签名版与普通版本随机发送）","1117338条评论","99.7%推荐","张嘉佳","湖南文艺出版社","22.50","45.00"
"355","局外人（如果你在人群中感到格格不入，一定要读《局外人》！全新精装插图珍藏版！诺奖作品，人生之书，耐人回味。）【读客经典文库】","209484条评论","100%推荐","加缪","江苏凤凰文艺出版社","22.50","45.00"
"356","球状闪电（典藏版）","62788条评论","100%推荐","刘慈欣","四川科技出版社","12.50","25.00"
"357","草房子：六年级推荐课外阅读书/曹文轩纯美小说系列","488952条评论","99.9%推荐","曹文轩","江苏凤凰少年儿童出版社","10.90","22.00"
"358","老舍集：茶馆","82310条评论","99.9%推荐","老舍","南海出版公司","12.50","25.00"
"359","下雨的书店（全4册）","53201条评论","100%推荐","日向理惠子","新星出版社","66.50","133.00"
"360","雷雨（中国现代杰出剧作家曹禺的代表作，被翻译成各国语言的中国话剧，精装收藏版）","59224条评论","100%推荐","曹禺","北京十月文艺出版社","18.00","36.00"
"361","半小时漫画中国史5（中国史大结局！笑着笑着，大清就亡了！漫画科普开创者混子哥陈磊新作！其实是一本严谨的极简中国史！）","1179090条评论","100%推荐","陈磊","文汇出版社","24.90","49.90"
"362","追风筝的人（李雪琴、高圆圆动情推荐，《纽约时报》畅销书榜上榜超100周）","1027360条评论","100%推荐","卡勒德・胡赛尼","上海人民出版社","31.00","45.00"
"363","把妈妈的话装进耳朵里","117337条评论","100%推荐","玛尔塔・帕拉雷斯","北京科学技术出版社","19.50","39.00"
"364","乌合之众","44161条评论","99.9%推荐","古斯塔夫・勒庞","中国妇女出版社","24.80","36.00"
"365","王阳明传：知行合一的心学圣人","41384条评论","99.9%推荐","燕山刀客","中国友谊出版公司","18.70","48.00"
"366","自卑与超越（也译作《超越自卑》。个体心理学创始人阿德勒代表作之一）","127633条评论","100%推荐","阿尔弗雷德・阿德勒","民主与建设出版社","14.10","30.00"
"367","血战长津湖","6922条评论","100%推荐","何楚舞","现代出版社","23.10","52.00"
"368","张爱玲全集01：倾城之恋（23岁张爱玲成名代表作！收录《倾城之恋》《第一炉香》《金锁记》等热门影视原著小说。王安忆、苏童、蔡康永推荐！）","389224条评论","99.8%推荐","张爱玲","北京十月文艺出版社","29.20","49.50"
"369","幻夜","70642条评论","100%推荐","东野圭吾","南海出版公司","29.80","59.60"
"370","山海经（白话全译彩图版珍藏版）","313847条评论","99.7%推荐","徐客","现代出版社","29.80","68.00"
"371","半小时漫画经济学系列（共4册）（用特别有趣的方式，讲清楚特别艰深的经济学原理。混子哥新作！）","257892条评论","100%推荐","陈磊.半小时漫画团队","海南出版社","90.80","181.70"
"372","幼儿学古诗（绘本版，全2册）","179050条评论","100%推荐","中国教育科学研究院学前教育研究中心","教育科学出版社有限公司","49.00","98.00"
"373","掌控习惯（屡次获奖的现象级畅销书，得到&吴晓波倾力推荐）","100157条评论","100%推荐","詹姆斯・克利尔","北京联合出版有限公司","28.00","56.00"
"374","面纱（50岁时毛姆写下这个近乎完美的爱情故事，因为每个人都在故事中找到了自己）","72330条评论","100%推荐","毛姆","江西人民出版社","19.90","39.80"
"375","甲骨文学校系列（4册，央视《读书》推荐、2021年度桂冠童书）","54240条评论","100%推荐","黄加佳","北京联合出版有限公司","68.50","137.00"
"376","东野圭吾：同级生","39117条评论","99.6%推荐","东野圭吾","南海出版公司","29.00","58.00"
"377","情绪自由 人生更轻盈（当当专享签名版，华语世界深具影响力个人成长作家张德芬重磅新作，献上深化、务实、入世的情绪疗愈指南）","9613条评论","99.9%推荐","张德芬","湖南文艺出版社","26.00","52.00"
"378","吸引力法则（稻盛和夫推荐学习的课程。掌握吸引力法则是创造梦想人生的关键！销售、谈判、职场、人际关系……成功工具书。）","84182条评论","99.9%推荐","杰克・坎菲尔德","光明日报出版社","13.40","29.80"
"379","三毛流浪记（彩图注音读物）","556138条评论","99.9%推荐","张乐平","少年儿童出版社","18.80","38.00"
"380","傲慢与偏见（孙致礼先生翻译，幽默&唯美，豆瓣9.1分译本）","165133条评论","99.9%推荐","奥斯丁","西安交通大学出版社","15.50","33.00"
"381","50堂经典哲学思维课","219条评论","100%推荐","郁�傣�","中信出版社","74.30","99.00"
"382","怪癖心理学 2020版（张若昀、李现主演电视剧《法医秦明》秦科长也在看！）","17087条评论","99.9%推荐","冈田尊司","湖南文艺出版社","21.90","43.80"
"383","人生哲思录（全新修订版）","31365条评论","99.9%推荐","周国平","北京十月文艺出版社","44.00","88.00"
"384","张爱玲全集02：红玫瑰与白玫瑰（精装典藏版）","263631条评论","99.9%推荐","张爱玲","北京十月文艺出版社","24.70","49.50"
"385","阿勒泰的角落（李娟成名作四色典藏版）","112296条评论","99.8%推荐","李娟","新星出版社","24.80","36.00"
"386","梅格时空大冒险・7~14岁儿童文学科幻经典（全5册）银河的裂缝 等5册儿童文学史上家喻户晓、不可逾越的经典","246749条评论","99.9%推荐","马德琳・英格","文汇出版社","108.40","216.80"
"387","西游记幼儿美绘本（全10册）","58037条评论","99.9%推荐","吕进","少年儿童出版社","99.50","199.00"
"388","西西弗神话（诺贝尔文学奖得主,加缪的荒诞哲学代表作)","19859条评论","100%推荐","阿尔贝・加缪","民主与建设出版社","34.40","49.80"
"389","下沉年代（“得到”年度好书，许倬云、刘擎、但斌一致推荐！呈现美国近三十年沧桑巨变的史诗作品，每一个向上奋斗者的之书）","38499条评论","100%推荐","乔治・帕克","文汇出版社","54.00","108.00"
"390","当我谈跑步时，我谈些什么（2015典藏版）","204731条评论","99.8%推荐","村上春树","南海出版公司","18.00","36.00"
"391","最温柔的教养：做温和而坚定的父母，让爱在对话中流动","6150条评论","100%推荐","吴恩瑛","中信出版社","44.20","59.00"
"392","巴黎评论・女性作家访谈（十六位有世界影响力的女性作家的访谈）","12499条评论","100%推荐","巴黎评论","人民文学出版社","29.30","65.00"
"393","一句顶一万句（典藏版，《朗读者》第五期，刘震云与观众一起分享上个世纪三十年代的故事）","177513条评论","99.6%推荐","刘震云","长江文艺出版社","22.50","45.00"
"394","0-4岁幼儿认知小百科（全3册)","498525条评论","99.7%推荐","吉田纯子","长江少年儿童出版社","56.80","119.40"
"395","不可思议的旅程三部曲（2020版）","329856条评论","100%推荐","艾伦・贝克尔","新星出版社","89.70","179.40"
"396","审判（卡夫卡长篇代表作之一。钱满素、袁华清翻译）","115204条评论","100%推荐","卡夫卡","时代文艺出版社","12.30","25.00"
"397","大熊先生盖房子（澳大利亚青少年图书奖获奖作家、加拿大总督奖获奖绘者联袂打造）","90202条评论","100%推荐","珍・戈德温","中译出版社","22.10","45.00"
"398","概括力：三步学会精准表达","768条评论","99.9%推荐","山口拓朗","中信出版社","33.80","49.00"
"399","【樊登推荐】考试脑科学 脑科学中的高效记忆法（图灵出品）","153737条评论","100%推荐","池谷裕二","人民邮电出版社","39.80","59.80"
"400","希望之线（东野圭吾新代表作，高分作品TOP5！）","42466条评论","100%推荐","东野圭吾","南海出版公司","29.50","59.00"
"401","熊津数学图画书（全50册，含29册精装绘本及21册游戏书，将数学和故事、游戏相结合，使儿童在阅读的同时感受到生活处处有数学）","31443条评论","100%推荐","熊津出版社","贵州科技出版社","349.00","698.00"
"402","地下室手记（罗翔老师推荐版本，豆瓣2020读书榜经典类No.1，9.5分高口碑译文，千人五星好评！）","24874条评论","100%推荐","陀思妥耶夫斯基","浙江文艺出版社","19.90","39.80"
"403","理解人性（成熟不是看懂事情，而是看透人性。）","57906条评论","100%推荐","阿德勒","水利水电出版社","23.00","46.00"
"404","拼音真好玩（全彩6册）（从幼小衔接到一年级，拼音学习启蒙书，附赠超实用拼音全表） 小猛犸童书出品","246211条评论","100%推荐","周霞","电子工业出版社","49.50","99.00"
"405","小小聪明豆绘本系列:波西和皮普(套装共7册)","93421条评论","100%推荐","阿克塞尔・舍夫勒","外语教学与研究出版社","53.50","73.00"
"406","全球高考收藏版礼盒（未披露番外+无限流幻想小说力作）随书附藏书票等八款赠品","24650条评论","99.9%推荐","木苏里","北京燕山出版社","125.00","180.00"
"407","朝向一朵花的盛开（“鲁迅文学奖” 、“中国好书”获得者陈应松写给慌张人生的平静之书！）","1227条评论","100%推荐","陈应松","北京联合出版有限公司","21.00","48.00"
"408","将进酒（共2册）","42143条评论","99.9%推荐","唐酒卿","江苏凤凰文艺出版社","46.80","68.00"
"409","活法","346815条评论","99.8%推荐","稻盛和夫","东方出版社","28.50","38.00"
"410","曾国藩传（张宏杰新作）","88960条评论","99.9%推荐","张宏杰","民主与建设出版社","64.60","68.00"
"411","美好的旅行 全球 中国最美的100个地方 图说天下 国家地理 套装共2册[精选套装]","43899条评论","100%推荐","图书天下・国家地理","北京联合出版公司","15.50","39.80"
"412","浮生六记（畅销300万册，120万+当当网读者五星好评，李现推荐版本，沈复给芸娘的绝美情书）【果麦经典】","1284091条评论","99.9%推荐","沈复","天津人民出版社","16.00","32.00"
"413","校园推荐版：林清玄散文集(青少年版)系列―清欢","47513条评论","98.5%推荐","林清玄","河北教育出版社","7.50","15.00"
"414","人生（2021版，茅盾文学奖得主路遥代表作，激励万千读者，堪称《平凡的世界》序篇））","98907条评论","100%推荐","路遥","北京十月文艺出版社","27.20","39.50"
"415","伊坂幸太郎：金色梦乡","81096条评论","99.9%推荐","伊坂幸太郎","南海出版公司","34.50","69.00"
"416","荒木飞吕彦的漫画术","17356条评论","100%推荐","荒木飞吕彦","新星出版社","29.00","58.00"
"417","过于喧嚣的孤独","42229条评论","99.8%推荐","博胡米尔.赫拉巴尔","北京十月文艺出版社","16.00","32.00"
"418","人类群星闪耀时（14个改变人类命运的天才，14个影响人类文明的瞬间！全新精装彩插导读详注版！）（读客经典文库）","122891条评论","100%推荐","茨威格","江苏凤凰文艺出版社","34.50","69.00"
"419","干法（平装本）","106323条评论","100%推荐","稻盛和夫","机械工业出版社","24.50","49.00"
"420","如何阅读一本书","254701条评论","99.9%推荐","莫提默・J.艾德勒","商务印书馆","42.20","50.00"
"421","养脾胃就是养命（中国中医科学院医学博士亲授健脾护胃秘方，让你气血充足，远离脾胃疾病的困扰！）","20209条评论","99.8%推荐","翟煦","江西科学技术出版社","24.90","49.90"
"422","黑莲花攻略手册（共2册）","6761条评论","99.9%推荐","白羽摘雕弓","青岛出版社","45.37","69.80"
"423","动物园（软精装）","53781条评论","99.9%推荐","乙一","人民文学出版社","26.90","59.80"
"424","养育女孩（新版）","480182条评论","99.9%推荐","史蒂夫・比达尔夫","中信出版社","19.90","39.80"
"425","365夜睡前故事（全4册） 宝宝睡前故事书0-3-6岁幼儿故事书早教配图 婴儿绘本书籍 [0-6岁]","62209条评论","99.9%推荐","青葫芦","福建科技出版社","26.30","67.20"
"426","悉达多（译者姜乙翻译）【果麦经典】","65545条评论","100%推荐","赫尔曼・黑塞","天津人民出版社","16.00","32.00"
"427","影响力（经典版）（团购，请致电010-57993380）","296866条评论","100%推荐","罗伯特・B.西奥迪尼","北京联合出版公司","41.10","54.90"
"428","果麦经典：人性的弱点（薛之谦推荐，畅销200万册，全译本忠实还原卡耐基手稿，改变股神巴菲特一生的社交心理宝典）","700771条评论","99.9%推荐","戴尔・卡耐基","天津人民出版社","16.00","32.00"
"429","杨绛传：简朴的生活，高贵的灵魂（杨绛先生诞辰110周年纪念版）","23229条评论","100%推荐","梅子","民主与建设出版社","34.40","49.80"
"430","这里是中国2 百年重塑山河 入选北京市科学技术协会 “2021年优秀科普读物推荐书目”  典藏级国民地理书星球研究所著 书写近代中国创造史 中国建设之美家园之美梦想之美","141764条评论","99.9%推荐","星球研究所","中信出版社","129.00","198.00"
"431","父母的语言：3000万词汇塑造更强大的学习型大脑","209922条评论","100%推荐","达娜・萨斯金德","机械工业出版社","44.20","59.00"
"432","人生只有一件事:教你如何活得更好","35535条评论","100%推荐","金惟纯","中信出版社","44.20","59.00"
"433","东野圭吾：禁断的魔术（《嫌疑人X的献身》系列全新长篇小说，李现推荐）","56282条评论","100%推荐","东野圭吾","南海出版公司","24.70","49.50"
"434","哈利・波特与魔法石 (平装)（《语文》教材推荐阅读书目，外国儿童文学经典，新英国版封面平装版）","328968条评论","99.9%推荐","J.K.罗琳","人民文学出版社","32.00","42.00"
"435","天局《人民的名义》多次提及的神秘之书，剧情重要线索。","47209条评论","99.8%推荐","矫健","作家出版社","26.20","38.00"
"436","作家榜经典：老人与海（全新未删节插图精装版！海明威作品！人可以被毁灭，但不能被打败！读经典名著，认准作家榜！）","278826条评论","100%推荐","海明威","浙江文艺出版社","19.90","39.80"
"437","成为可怕的自律人（把拖延症瞬间变得超级自律的自我提问法！作者曾帮助70位CEO、300位企业高管成为可怕的自律人！赠自律打卡表）","1723条评论","100%推荐","马歇尔・古德史密斯","文汇出版社","27.50","55.00"
"438","成年人的世界没有容易二字（专治“怕、不甘心、难”，助你早日丧尽天晴。百万畅销书作家老杨的猫头鹰新作）","4461条评论","100%推荐","老杨的猫头鹰","江苏凤凰文艺出版社","22.50","45.00"
"439","微尘（易中天、俞敏洪、史航、刘同、孙伊涵、小嘉感动推荐；作者入围2021深圳读书月年度致敬作者，《南方人物周刊》年度魅力人物）","16872条评论","99.9%推荐","陈年喜","天津人民出版社","29.00","58.00"
"440","宇宙（央视《朗读者》推荐版本。霍金、阿西莫夫推崇。卡尔・萨根长销40年的科普经典。BBC盛赞：其雄辩和博识无可比拟拟）","8998条评论","100%推荐","卡尔・萨根","上海科学技术文献出版社","39.00","78.00"
"441","信谊世界精选图画书 抱抱","47540条评论","100%推荐","杰兹・阿波罗","明天出版社","27.00","45.80"
"442","檀香刑（莫言写透刽子手的心理；绝美爱情与惨烈酷刑同时上演）","47110条评论","100%推荐","莫言","浙江文艺出版社","25.20","56.00"
"443","白鹿原（新版，央视《读书》推荐，含白鹿原+信任+蚕儿+霞光灿烂的早晨）","117007条评论","99.8%推荐","陈忠实","作家出版社","21.90","39.80"
"444","余秋雨 文化苦旅","483519条评论","99.8%推荐","余秋雨","长江文艺出版社","19.00","38.00"
"445","少年读徐霞客游记（游中国・地理启蒙，全3册）","54773条评论","100%推荐","刘兴诗","青岛出版社","50.00","100.00"
"446","东野圭吾：毕业（《恶意》系列开篇之作）","137821条评论","99.8%推荐","东野圭吾","南海出版公司","24.70","49.50"
"447","大雪将至","10645条评论","100%推荐","罗伯特・泽塔勒","南海出版公司","19.50","39.00"
"448","逃离（诺奖得主艾丽丝・门罗代表作）","159364条评论","99.4%推荐","艾丽丝","北京十月文艺出版社","24.70","49.50"
"449","桐花中路私立协济医院怪谈","11005条评论","100%推荐","南琅","广东旅游出版社","27.30","42.00"
"450","冀连梅儿童安全用药手册","17176条评论","100%推荐","冀连梅","北京出版社","34.00","68.00"
"451","工作、消费主义和新穷人","3436条评论","100%推荐","齐格蒙特・鲍曼","上海社会科学院出版社","33.70","45.00"
"452","在你们离开以前（当当专享信纸，一本治愈两代人的生命自度书）","19681条评论","100%推荐","毕啸南","湖南文艺出版社","21.60","48.00"
"453","春枝秋雨","8277条评论","99.9%推荐","帘十里","花山文艺出版社","27.00","45.80"
"454","价值：我对投资的思考 （高瓴资本创始人兼首席执行官张磊力作，团购请致电400-106-6666转6）","172186条评论","100%推荐","张磊","浙江教育出版社","88.50","118.00"
"455","富有的习惯","28716条评论","99.9%推荐","托马斯・科里","民主与建设出版社","20.30","45.00"
"456","中国最美的100个地方 图说天下 国家地理","226176条评论","99.9%推荐","图说天下","北京联合出版公司","7.70","19.90"
"457","思考，快与慢（团购电话400-106-6666转6）","270036条评论","99.8%推荐","丹尼尔・卡尼曼","中信出版社","47.60","69.00"
"458","汪曾祺散文集：人间知味（收录《人间草木》等经典散文）","78924条评论","100%推荐","汪曾祺","时代文艺出版社","18.60","38.00"
"459","局外人・鼠疫（诺奖得主加缪两大代表作《局外人》《鼠疫》。翻译家李玉民翻译，拓展性注释，阅读不卡顿）","125082条评论","99.9%推荐","�z法�{阿尔贝・加缪","时代文艺出版社","15.50","33.00"
"460","父与子全集（全彩版。一代幽默大师卜劳恩的爆笑暖心漫画）","133126条评论","99.9%推荐","埃・奥・卜劳恩","浙江工商大学出版社","17.60","36.00"
"461","名人传（1915年诺贝尔文学奖获得者罗曼・罗兰的传记代表作）","130444条评论","99.7%推荐","罗曼罗兰","作家出版社","13.70","28.00"
"462","漫画讲透孙子兵法(全4册)（130个知识点讲透5000字原文，130场战斗像看战争大片一样精彩震撼！全新青少年读本，300幅漫画贯穿全书！）","45571条评论","100%推荐","华杉","江苏凤凰文艺出版社","66.20","147.20"
"463","与自己和解：治愈你内心的内在小孩（享誉世界的佛学大师一行禅师经典作品）","42177条评论","99.9%推荐","一行禅师","河南文艺出版社","14.90","29.90"
"464","华夏万卷 田英章楷书7000常用字(升级版) 学生成人初学者临摹描红练字帖硬笔书法练习手写体钢笔字帖","13642条评论","100%推荐","田英章","上海交通大学出版社","9.90","22.00"
"465","刑法学讲义（罗翔普法故事会，拆穿生活的套路，看透舆论的陷阱，人人都能拥有法学智慧。人民日报、央视激赏推荐，千万读者好评）","78943条评论","100%推荐","罗翔","云南人民出版社","46.90","68.00"
"466","蛙（茅盾文学奖获奖作品，诺奖得主莫言畅销不衰的代表作；书写计划生育时代的大爱之书）","104203条评论","100%推荐","莫言","浙江文艺出版社","22.10","49.00"
"467","圆圈正义","39670条评论","100%推荐","罗翔","中国法制出版社","37.00","46.00"
"468","盗墓笔记.1七星鲁王宫（典藏纪念版）（中国盗墓诡异秘闻：大树中的青铜古棺）","10542条评论","100%推荐","南派三叔","上海文化出版社","22.50","45.00"
"469","斯凯瑞金色童书・益智经典（百年诞辰纪念版，全4册）（原斯凯瑞金色童书・第一辑）","354612条评论","99.7%推荐","理查德・斯凯瑞","贵州人民出版社","49.00","98.00"
"470","新版林格伦作品选集・美绘版 长袜子皮皮","576982条评论","99.9%推荐","阿斯特丽德・林格伦","中国少年儿童出版社","16.80","23.00"
"471","如何说孩子才肯学（中文五周年纪念版）","43689条评论","99.9%推荐","阿黛尔.法伯","中央编译出版社","14.90","29.80"
"472","一生的旅程：迪士尼CEO自述（樊登杨天真力荐！比尔盖茨罕见2000字推荐神级领导力教科书！请比我优秀的人为我工作！团购电话4001066666转6）","52469条评论","100%推荐","罗伯特・艾格","文汇出版社","41.50","88.00"
"473","张嘉佳:让我留在你身边（当当签名版与特别纪念环衬版随机发送，张嘉佳连续畅销五年作品2020全新修订）","180673条评论","99.8%推荐","张嘉佳","湖南文艺出版社","23.40","46.80"
"474","一个叫欧维的男人决定去死：精装版（林彦俊、IU李知恩、赵又廷推荐。稳居46国畅销书榜10年的幸福之书，豆瓣9.0高分）","6762条评论","99.9%推荐","弗雷德里克・巴克曼","四川文艺出版社","28.40","56.80"
"475","米小圈脑筋急转弯（第二辑）(套装共4册）","115526条评论","100%推荐","北猫","四川少儿出版社","31.40","64.00"
"476","蝴蝶・豌豆花","274286条评论","99.9%推荐","金波","河北教育出版社","10.10","25.80"
"477","养育男孩（典藏版）","566207条评论","99.9%推荐","史蒂夫・比达尔夫","中信出版社","19.90","39.80"
"478","米小圈上学记二年级（套装共4册）","394606条评论","100%推荐","北猫","四川少儿出版社","49.00","100.00"
"479","青铜葵花（当当网定制版）","224661条评论","99.1%推荐","曹文轩","天天出版社有限责任公司","12.50","25.00"
"480","凯文・汉克斯四季绘本套装 春天来了+夏天的歌+在秋天+冬天在这里 凯迪克金奖和纽伯瑞儿童文学大奖双料得主凯文・汉克斯代表作 晓童书","2426条评论","99.9%推荐","凯文・汉克斯","青岛出版社","95.00","190.00"
"481","牧羊少年奇幻之旅（央视《朗读者》、湖南卫视《天天向上》、李现、黄轩、TFBOYS、高圆圆推荐，能改变一个人一生的书）","596600条评论","99.8%推荐","保罗・柯艾略","北京十月文艺出版社","24.10","35.00"
"482","如果历史是一群喵1-9全集（套装共9册）","14583条评论","99.9%推荐","肥志","广东旅游出版社","336.00","517.80"
"483","大中华寻宝系列 秦朝寻宝记","33872条评论","100%推荐","京鼎动漫","二十一世纪出版社","17.50","35.00"
"484","冯唐成事心法（冯唐20年实战经验首次倾囊相授一本成事、持续成事、持续成大事的实践指南）","127136条评论","99.9%推荐","冯唐","北京联合出版有限公司","74.10","78.00"
"485","上帝掷骰子吗？：量子物理史话：升级版","276041条评论","99.8%推荐","曹天元","北京联合出版有限公司","56.80","59.80"
"486","决战朝鲜（套装2册）","28861条评论","99.9%推荐","李峰","现代出版社","39.10","88.00"
"487","我喜欢生命本来的样子(周国平经典散文作品集)","689303条评论","99.9%推荐","周国平","作家出版社","22.10","45.00"
"488","沙丘（同名电影即将全国上映！《降临》导演执导、“甜茶”“灭霸”“海王”、张震等主演。每个“不可不读”的书单上都有《沙丘》）","118618条评论","99.9%推荐","弗兰克.赫伯特","江苏文艺出版社","34.00","68.00"
"489","透过地理看历史","24124条评论","99.9%推荐","李不白","台海出版社","24.00","48.00"
"490","流俗地（《亚洲周刊》2020年度十大小说，王德威、王安忆、董启章倾力推荐，华语文学的惊喜收获）","5871条评论","100%推荐","马来","北京十月文艺出版社","27.50","55.00"
"491","平凡的世界普及本","120873条评论","100%推荐","路遥","北京十月文艺出版社","38.60","49.50"
"492","东野圭吾：祈念守护人（东野圭吾2020年全新长篇，全球同步发售）","114958条评论","100%推荐","东野圭吾","南海出版公司","29.50","59.00"
"493","海错图笔记套装（无穷小亮跨越时空的皇家图谱对谈）   专享赠送配套印签明信片","69939条评论","100%推荐","张辰亮","中信出版社","112.00","224.00"
"494","没头脑和不高兴（任溶溶编著彩色注音版）","68831条评论","100%推荐","任溶溶","安徽少年儿童出版社","12.10","25.00"
"495","0-3岁行为习惯教养绘本（全6册）","222855条评论","99.9%推荐","让娜・阿什比","长江少年儿童出版社","44.10","100.80"
"496","念你在璀璨之巅（超人气畅销书作者云拿月青春电竞逐梦力作！新版全升级、新增独家番外――小清欢女主齐欢登场！风炫文化出品）","2178条评论","100%推荐","云拿月","江苏凤凰文艺出版社","29.20","45.00"
"497","臣服实验","20240条评论","100%推荐","迈克・A","南京大学出版社","22.50","45.00"
"498","张文鹤讲小儿护肤有妙方（20年临床经验总结70多种小儿皮肤问题完美解决方案）","2801条评论","100%推荐","张文鹤","湖南科技出版社","45.00","60.00"
"499","无声告白（我们终此一生，就是要摆脱他人的期待，找到真正的自己。就是她！征服欧美文坛的华裔作家伍绮诗）（读客外国小说文库）","546545条评论","99.9%推荐","伍绮诗","江苏文艺出版社","22.50","45.00"
"500","贪婪的多巴胺（爱情、欲望、精神、未来，是的，多巴胺都能做到！人类的未来，或许就写在这小小的欲望分子中）","3394条评论","100%推荐","丹尼尔・利伯曼","中信出版社","34.30","59.00"
