index,title,reviews,recommends(%),authors,publisher,price_n,price_r
"1","你也走了很远的路吧（新增2万余字，4篇文章，关于特殊时期成长的勇气，以及曾经的那些人）","405117","100","卢思浩","湖南文艺出版社","24.90","49.80"
"2","蛤蟆先生去看心理医生（热销300万册！英国经典心理咨询入门书，知名心理学家李松蔚强烈推荐）","1508102","100","罗伯特・戴博德","天津人民出版社","19.00","38.00"
"3","青铜葵花（当当定制版）","318486","99.3","曹文轩","天天出版社有限责任公司","9.90","25.00"
"4","一读就上瘾的中国史1+2(套装全2册)","72524","100","温伯陵","台海出版社","57.40","119.60"
"5","被讨厌的勇气：“自我启发之父”阿德勒的哲学课 岸见一郎","1027035","100","岸��一郎","机械工业出版社","33.00","55.00"
"6","真希望你也喜欢自己（房琪shou部作品重磅上市！写给所有年轻人的成长通关秘籍！杨天真、大冰、鲁豫、张含韵诚挚作序推荐。）","486195","100","房琪kiki","北京联合出版有限公司","35.80","49.80"
"7","我与地坛（纪念版）","524768","99.9","史铁生","人民文学出版社","19.40","29.00"
"8","陪孩子弯道超车（给家长和孩子的逆袭指南）","82859","100","吉田","北京联合出版有限公司","44.60","62.00"
"9","病隙碎笔 2021纪念版（史铁生充满灵性光辉的生命笔记，启迪无数读者的长篇哲思散文经典）","59594","100","史铁生","湖南文艺出版社","24.00","48.00"
"10","长安的荔枝","186421","100","马伯庸","湖南文艺出版社","29.00","45.00"
"11","带壳的牡蛎是大人的心脏（当当专享签章版+作者亲绘贴纸。火爆全网现象级漫画，白茶、沈月、阮筠庭、文森特动物园推荐！）","224613","100","拟泥nini","北京联合出版有限公司","40.80","68.00"
"12","跟着课本去旅行 带着孩子游世界 图说天下中小学生语文知识拓展","7400","100","霍晨昕","石油工业出版社","19.20","40.00"
"13","钝感力（渡边淳一经典励志大作！央视新闻、《奇葩说》鼎力推荐，马东、蔡康永、杨天真、王俊凯推荐书目。写给易因小事敏感，什么都往心里去的人。)","732041","99.9","渡边淳一","青岛出版社","16.00","32.00"
"14","木心全集・讲稿系列：文学回忆录(上下册)（2020版）","33678","100","木心","上海三联书店","123.00","188.00"
"15","活着（余华代表作，精装，易烊千玺推荐阅读）","1076488","100","余华","北京十月文艺出版社","31.00","45.00"
"16","明朝那些事儿增补版.全集","442261","99.9","当年明月","北京联合出版有限公司","222.80","405.00"
"17","人生没什么不可放下：弘一法师的人生智慧（弘一法师彻悟一生的人生真谛，帮你重遇未知的自己，逆袭人生！）","227903","99.8","宋默","团结出版社","9.50","32.80"
"18","额尔古纳河右岸（茅盾文学奖获奖作品全集28）","221882","100","迟子建","人民文学出版社","19.90","32.00"
"19","法治的细节（罗翔新作，法律随笔，评热点、论法理、聊读书、谈爱情，人间清醒与你坦诚相见）","344346","100","罗翔","云南人民出版社","24.90","49.80"
"20","人生海海（麦家重磅力作，莫言、董卿盛赞，连续两年高居畅销榜，发行量超300万册）","1177377","100","麦家","北京十月文艺出版社","27.50","55.00"
"21","生而为人（当当专享亲签+专享海报，《在你们离开以前》大热后，毕啸南短篇小说，小人物的命运书写）","19855","100","毕啸南","湖南文艺出版社","24.90","49.80"
"22","三体：全三册 刘慈欣代表作，亚洲“雨果奖”获奖作品！","2146059","99.8","刘慈欣","重庆出版社","51.20","93.00"
"23","果麦经典：了凡四训（“我命由我不由天！”曾国藩、胡适、稻盛和夫推崇的生活方式手册；费勇教授精美译文）","263744","100","袁了凡","三秦出版社","16.00","32.00"
"24","张爱玲传：因为懂得，所以慈悲（一本书读懂张爱玲的传奇人生）","22257","99.9","杨锦慧","民主与建设出版社","34.90","49.80"
"25","作家榜名著：老人与海（百万册珍藏版《老人与海》！作家鲁羊经典全译本！人可以被毁灭，但不能被打败！读经典名著认准作家榜！）","330732","100","海明威","浙江文艺出版社","19.90","39.80"
"26","通透（杨天真的人性解码词典）","78439","100","杨天真","湖南文艺出版社","39.80","62.00"
"27","生死疲劳（不看不知道，莫言真幽默！全新版本！）","484049","100","莫言","浙江文艺出版社","45.40","69.90"
"28","非自然死亡：我的法医笔记（法医秦明冠名推荐，15年法医生涯，19宗真实案件改编。全网阅读超1亿人次！）","138872","100","刘晓辉","台海出版社","26.00","52.00"
"29","小王子（罗翔老师推荐阅读，李继宏口碑译作，作者基金会官方认证简体中文版）【果麦经典】","1673061","99.9","安托万・德・圣埃克苏佩里","天津人民出版社","19.90","39.80"
"30","快乐就是哈哈哈哈哈","18751","100","梁实秋","中国友谊出版公司","52.00","52.00"
"31","木心谈木心：《文学回忆录》补遗 (讲稿系列 2020布面精装版)","3163","100","木心","上海三联书店","47.20","59.00"
"32","梅格时空大冒险・7~14岁儿童文学科幻经典（全5册）银河的裂缝 等5册儿童文学史上家喻户晓、不可逾越的经典","292860","99.9","马德琳・英格","文汇出版社","108.40","216.80"
"33","心灵教科书绘本系列：西兰花先生的理发店（教会孩子：敢于打破常规思维，培养创新意识）丁虹绘本馆出品[3-6岁]","236974","100","福田纯子","海豚出版社","23.30","59.80"
"34","BabyAll 和艺术做朋友（点读版，赠点读笔，2-6岁幼儿艺术启蒙玩具书）","1036","99.9","韩国ARAM天地出版公司","新世纪出版社","702.00","1,800.00"
"35","给青年的十二封信（首度收录朱光潜生平大事记。谈职业选择，谈人际交往，谈婚恋关系。随大流看似安全，但做自己才是真正的人生）","23200","100","朱光潜","海南出版社","19.90","39.90"
"36","你当像鸟飞往你的山（中文版销量超200万册，比尔・盖茨年度特别推荐！登顶《纽约时报》畅销榜80+周，这本书比你听说的还要好！）","1514242","100","塔拉","南海出版公司","34.80","59.00"
"37","面纱（毛姆于女性觉醒的经典作品，三次改编成电影。在欲望中流离失所，在自我觉醒中掌控命运。无删减全译本，获19万+好评）","206186","100","毛姆","时代文艺出版社","12.20","27.00"
"38","云边有个小卖部（俞敏洪《在岁月中远行》单独撰文推荐，随书附赠云边镇四季明信片和张嘉佳作词单曲彩蛋）","1500150","100","张嘉佳","湖南文艺出版社","25.60","42.00"
"39","认知觉醒：开启自我改变的原动力","153032","100","周岭","人民邮电出版社","29.90","59.80"
"40","正面管教(修订版)","2047926","100","简・尼尔森","北京联合出版公司","19.00","38.00"
"41","中国地理百科全书我的第一本中国地理启蒙书少儿大百科全书6-8-12岁小学生课外阅读书籍写给儿童的自然科学读物","6901","100","青蓝图书","中航出版传媒有限责任公司","49.80","49.80"
"42","真希望我父母读过这本书（二十年资历心理治疗师写给父母和孩子的情感沟通书）","173558","100","菲莉帕・佩里","中信出版社","31.20","48.00"
"43","悉达多（译者姜乙翻译）【果麦经典】","210254","100","赫尔曼・黑塞","天津人民出版社","16.00","32.00"
"44","万物由来科学绘本 写给孩子的科普绘本","418136","100","项华","北京联合出版有限公司","20.00","42.00"
"45","我能管好我自己：漫画小学生时间管理","2945","100","读书堂","古吴轩出版社","20.10","42.00"
"46","金奖好书 小学生必背古诗词75+80首全国通用1-6年级含统编版人教版RJ教材必背129首(王芳推荐)共200首超47万读者热评全国多地语文老师推荐彩绘注音有声版团购电话4001066666转6","485048","100","说词解字辞书研究中心","华语教学出版社","28.00","28.00"
"47","东野圭吾：白夜行（易烊千玺、孟非推荐，东野圭吾作品无冕之王）","2064091","99.9","东野圭吾","南海出版公司","29.80","59.60"
"48","第七天（2022版，余华长篇小说经典，比《活着》更绝望，比《兄弟》更荒诞，获华语文学传媒大奖）","361101","100","余华","新星出版社","33.80","49.00"
"49","走遍中国 图说天下 寻梦之旅","529791","100","霍晨昕","四川人民出版社","20.00","29.90"
"50","跟着诗词去旅行 图说天下 寻梦之旅","288955","100","郝娟菡","四川人民出版社","20.00","29.90"
"51","好好说话：非暴力沟通幼儿版 [3-6岁]","42591","100","克里斯蒂娜・特巴尔","太白文艺出版社","24.00","48.00"
"52","世界上最棒的礼物――图画中隐藏无数细节，让小小孩玩过瘾！","221817","100","赖马","北京联合出版有限公司","22.90","45.80"
"53","和古代学霸握个手","32553","100","急脚大师","南方出版社","27.80","58.00"
"54","苏东坡传（林语堂纪念典藏精装版）","934840","99.9","林语堂","湖南文艺出版社","26.00","52.00"
"55","趣说中国史1+2（全2册）","273027","100","趣哥","台海出版社","49.80","99.60"
"56","【2022年新版】中华人民共和国民法典注释本（第二版）（百姓实用版）","48737","99.9","法律出版社法规中心","法律出版社","21.30","68.00"
"57","中国地理百科全书我的第一本世界地理启蒙书写给儿童的自然科学读物少儿大百科全书6-8-12岁小学生科学课外书","1581","100","青蓝图书","中航出版传媒有限责任公司","49.80","49.80"
"58","妈妈买绿豆（3-8岁） 信谊幼儿文学奖","158361","100","曾阳晴","明天出版社","17.90","35.80"
"59","始于极限：女性主义往复书简（上野千鹤子蕞新代表作，万千读者共鸣的坦诚对话，“皱巴巴的心都被熨平了”）","153731","100","上野千鹤子","新星出版社","29.50","59.00"
"60","东野圭吾：解忧杂货店（胡歌、王俊凯、刘昊然倾情推荐，简体中文1000万册纪念版）","2564600","99.7","东野圭吾","南海出版公司","29.50","59.00"
"61","杀死一只知更鸟（豆瓣9.2，关于勇气与正义的成长教科书，影响全球5000万家庭的“教养宝典”，奥巴马、贝克汉姆、奥普拉鼎力推荐）","1003323","100","哈珀・李","译林出版社","34.80","58.00"
"62","圆圈正义","212437","100","罗翔","中国法制出版社","20.70","46.00"
"63","我爸爸+我妈妈（全2册）――清华附小推荐经典儿童绘本 ！（启发童书馆出品）","948807","99.8","安东尼・布朗","河北教育出版社","39.80","79.60"
"64","我从未如此眷恋人间：周深“终于开始学会眷恋这人间”史铁生、季羡林、余光中、丰子恺等联手献作，把深情写入文字，告诉你这世间原来是它们最惹人恋。","31098","100","史铁生","读者出版社","12.50","49.80"
"65","神奇校车・桥梁书版（全20册）","1472477","99.9","乔安娜柯尔","贵州人民出版社","75.00","150.00"
"66","活法","413574","99.8","稻盛和夫","东方出版社","26.60","38.00"
"67","狂人日记：鲁迅小说全集（1938年复社底本，中国白话小说开山之作。收录鲁迅全部小说，多篇入选语文课本）团购电话：4001066666转6","181991","100","鲁迅","中国友谊出版公司","35.80","39.80"
"68","毛泽东选集（全四册，32开）","264510","99.9","毛泽东","人民出版社","56.70","81.00"
"69","少年读史记（套装全5册）","1301172","99.9","张嘉骅","青岛出版社","39.00","100.00"
"70","草房子（当当定制版）","419926","99.4","曹文轩","天天出版社有限责任公司","8.70","25.00"
"71","最温柔的教养（130则实用亲子用语范例，治愈童年的自己，温暖孩子的一生）","170409","100","吴恩瑛","中信出版社","38.30","59.00"
"72","作家榜名著：月亮与六便士（全新未删节插图珍藏版！毛姆写给年轻人的梦想之书！满地都是六便士，他却抬头看见了月亮！）","1479960","100","毛姆","浙江文艺出版社","19.90","39.80"
"73","在细雨中呼喊（精装版）","116048","100","余华","北京十月文艺出版社","27.20","39.50"
"74","作家榜名著：孙子兵法（教你一生不败的智慧！孙子兵法未删节插图珍藏版！大白话注音版！印数狂飙突破10万+册！）","3490","100","孙武","浙江文艺出版社","34.40","49.90"
"75","暖房子・屁屁侦探系列（套装共7册）","219897","100","Troll","海豚出版社","57.50","115.00"
"76","青铜葵花正版曹文轩纯美小说7-8-9-10-12岁草房子系列儿童文学校园青少年版四五六年级下册小学生课外阅读书籍全套原版完整版","485836","99.9","曹文轩","江苏少年儿童出版社","9.90","22.00"
"77","平凡的世界：全三册（全新2021版，茅盾文学奖获奖作品，激励青年的不朽经典）","1106459","100","路遥","北京十月文艺出版社","98.00","138.00"
"78","罪与罚 犯罪心理分析小说的大师级经典之作 世界名著典藏","111018","100","陀思妥耶夫斯基","中央编译出版社","27.20","32.00"
"79","人间真趣","5154","100","老舍","民主与建设出版社","32.20","46.00"
"80","地藏菩萨本愿经（简体、横排、注音、国学经典诵读本）","59660","100","中华文化讲堂","团结出版社","9.90","18.00"
"81","波西和皮普7册经典套装（小小聪明豆系列绘本）0-3岁低幼启蒙情绪管理绘本，发现快乐，体验成长！","254903","100","阿克塞尔・舍夫勒","外语教学与研究出版社","36.50","73.00"
"82","翦商：殷周之变与华夏新生（许宏作序；罗翔年度推荐；《南方周末》2022年度十大好书；一部夏商周启示录）","64071","99.9","李硕","广西师范大学出版社","49.50","99.00"
"83","全球最美的100个地方 图说天下 寻梦之旅","58641","100","图说天下","四川人民出版社","20.00","29.90"
"84","杨绛传（先生的1911到2016）","140","100","吴牧宸","台海出版社","49.00","49.00"
"85","遥远的救世主（天道原著王志文主演电视剧畅销遥远的救世主作者豆豆三部曲之一）","530810","99.9","豆豆","作家出版社","24.00","48.00"
"86","我们的身体","670462","99.9","艾德兰","未来出版社","69.80","155.00"
"87","如果历史是一群喵11・南宋金元篇","99331","100","肥志","广东旅游出版社","40.66","59.80"
"88","置身事内：中国政府与经济发展（罗永浩、罗振宇、何帆、刘格菘、张军、周黎安、王烁联袂推荐，复旦经院毕业课）","221537","100","兰小欢","上海人民出版社","32.50","65.00"
"89","马尔克斯：百年孤独（50周年纪念版）","2244577","99.8","加西亚・马尔克斯","南海出版公司","39.60","55.00"
"90","文明的兴衰：一场纵横古今的人类文明之旅","2572","100","本村凌二","中国友谊出版公司","45.50","49.00"
"91","那个不为人知的故事","232922","100","Twentine","四川文艺出版社","20.10","42.00"
"92","时代广场的蟋蟀：麦克米伦世纪大奖小说最新升级版","593428","100","乔治・塞尔登","二十一世纪出版社","11.30","25.00"
"93","孔子来了！―论语可以这样读（孔子真有趣！在捧腹大笑间读懂《论语》。精装典藏版。歪歪兔童书馆出品）","16850","100","大梁如姬","海豚出版社","57.60","128.00"
"94","纳瓦尔宝典：从白手起家到财务自由，硅谷知名天使投资人纳瓦尔智慧箴言录","77784","100","埃里克・乔根森","中信出版社","68.00","68.00"
"95","心安即是归处：季羡林百年生命智慧。央视《朗读者》多次动情朗读本书名篇。","474795","100","季羡林","古吴轩出版社","16.00","49.00"
"96","吉竹伸介经典绘本大套装（全8册）","1397","99.9","吉竹伸介","江苏凤凰少年儿童出版社","219.20","438.40"
"97","非暴力沟通（修订版）","835693","100","马歇尔","华夏出版社","48.10","59.80"
"98","尼尔斯骑鹅旅行记历险记彩绘注音版 6-12岁小学生课外阅读书籍 一二三年级儿童文学读物带拼音世界经典名著","24315","100","长江出版社","长江出版社","19.80","19.80"
"99","哲学家的狗：一本让人捧腹大笑的超萌醒脑哲学书","15","100","塞缪尔・多德森","中国友谊出版公司","46.20","49.80"
"100","半小时漫画青春期（全2册）（青春期少年身心困扰，就读半小时漫画青春期，爆笑漫画讲害羞的问题）新老版随机发货","16562","100","陈磊・半小时漫画团队","天津科学技术出版社","49.40","98.90"
"101","DK玩出来的百科：动手玩转数学套装（套装全三册）","38989","99.9","DK公司","国家开放大学出版社","169.00","384.00"
"102","一句顶一万句（一本让“中国脱口秀扛把子”李诞连声叫绝的茅奖好书，当当专享印签本）","234675","99.8","刘震云","花城出版社","34.00","68.00"
"103","把自己当回事儿（销量超过60万册！杨天真的沟通秘籍)蔡康永、樊登、罗永浩推荐，李诞、马伊�P、脱不花作序）","165673","100","杨天真","北京联合出版有限公司","38.60","56.00"
"104","皮特猫・3~6岁好性格养成书：共四辑（套装1~4辑）（乐观、积极、开朗…荣获多项大奖的好性格榜样）新老版随机发货","558716","100","詹姆斯・迪安","文汇出版社","279.80","559.60"
"105","失落的一代：中国的上山下乡运动1968-1980（增订版）","88231","99.4","潘鸣啸","中国大百科全书出版社","27.00","54.00"
"106","写给儿童的中国历史（中国孩子的历史启蒙，真正写给孩子看的中国通史，全彩铜版14册）","1067853","99.8","陈卫平","新世界出版社","138.40","355.00"
"107","五味太郎：小金鱼逃走了","344056","100","五味太郎","新星出版社","17.50","35.00"
"108","天堂旅行团（随机寄语印签环衬+精编小册子，继《全世界》《云边》之后，张嘉佳新书2021全新长篇力作）","137565","100","张嘉佳","湖南文艺出版社","38.00","48.00"
"109","人间值得（90岁心理医生恒子奶奶写给生活的哲思小书。十点读书、《读者》2019年度“十大影响力好书”、人民日报力荐2020新年书单。）","676868","100","中村恒子","北京日报出版社","24.90","49.90"
"110","画给孩子的中国历史 : 精装彩绘本（地图里的上下五千年，孩子拿起来就放不下。）","287927","100","柳萍","吉林美术出版社","58.00","58.00"
"111","小鸡球球触感玩具书:全5册（升级点读版，纸板书、触摸发声书、翻翻书、洞洞书）","487739","99.9","作绘者","新星出版社","126.70","325.00"
"112","呼兰河传(中小学生课外阅读指导丛书) 无障碍阅读 彩插励志版 180000多名读者热评！","278789","100","萧红","南方出版社","13.40","15.80"
"113","许三观卖血记（2017精装典藏版，增录新版自序）","129685","100","余华","北京十月文艺出版社","27.20","39.50"
"114","瓦尔登湖（经典新读 中央编译出版社）","120544","100","梭罗","中央编译出版社","13.40","26.80"
"115","白鸟与蝙蝠（东野圭吾出道35周年，荣耀新高峰！）","75586","100","东野圭吾","南海出版公司","34.50","69.00"
"116","你的善良必须有点锋芒","549065","99.9","慕颜歌","古吴轩出版社","15.70","32.80"
"117","小学生安全漫画・女童安全（坏人一直在出没，现在、立刻、马上，帮助女孩建立防护意识，远离性侵害！）（小学生安全漫画系列）","23353","100","读客小学生阅读研究社.安全组","江苏凤凰文艺出版社","16.40","32.80"
"118","盛和塾指定学习教材 干法 最新平装本","157998","100","稻盛和夫","机械工业出版社","24.50","49.00"
"119","崔玉涛育儿百科","149772","100","崔玉涛","中信出版社","89.00","178.00"
"120","米小圈上学记一年级（套装共4册）","675479","100","北猫","四川少儿出版社","45.00","100.00"
"121","千与千寻（宫崎骏作品。日本上映20周年特别纪念！）","75004","100","宫崎骏原作","北京联合出版有限公司","56.20","78.00"
"122","沧浪之水（某瓣8.5分，入围茅盾文学奖。职场小白、考公人的启蒙之书。胡军、于和伟主演电视剧岁月原著。2021版）","162744","99.8","阎真","北京十月文艺出版社","24.50","49.00"
"123","星期六晚我们去散步吧（随机掉落签名版。小红书博主、青年诗人 隔花人 温暖治愈诗集来袭！）","28034","100","隔花人","贵州人民出版社","29.88","49.80"
"124","孩子读得懂的山海经（共3册）神话+神兽+异人国","299984","100","兰梦醒","北京理工大学出版社","85.40","219.00"
"125","我想要两颗西柚（大张伟私藏书单，力荐阅读。你们是平等的，那个人有权利知道，此刻的你正在喜欢Ta。）","72561","99.9","胡辛束","浙江文艺出版社","22.50","45.00"
"126","次第花开 修订版","791295","100","希阿荣博堪布","海南出版社","19.90","39.80"
"127","恶意（东野圭吾四大杰作之一。最大的恶意不是杀了你，而是毁了你。颠覆推理，直面人性深渊！2022新译本）","862820","100","东野圭吾","南海出版公司","29.50","59.00"
"128","达勒古特梦百货店","2214","100","李美芮","化学工业出版社","42.20","48.00"
"129","新史纪丛书・红白玫瑰：15世纪英格兰两大家族的王权争夺与都铎王朝的开启（精装）","801","99.9","埃德・韦斯特","化学工业出版社","48.80","49.80"
"130","道德经（中华经典名著全本全注全译-三全本）","66912","100","张景","中华书局","19.50","30.00"
"131","我不想离开你","54031","100","G.V.西纳顿","四川少年儿童出版社","17.10","45.00"
"132","彩虹色的花","344944","100","麦克","二十一世纪出版社","20.70","46.00"
"133","悉达多（诺贝尔文学奖得主赫尔曼・黑塞的代表作，德文直译，原版呈现。）","87393","100","赫尔曼・黑塞","民主与建设出版社","34.90","49.80"
"134","俗世奇人（足本）（《语文》推荐阅读丛书）人民文学出版社","299076","100","冯骥才","人民文学出版社","28.00","28.00"
"135","牙婆婆 （儿童医师张思莱倾情推荐。愉快教导孩子保护牙齿的妈妈书！小朋友，你喜欢甜食吗？吃过甜食，你有好好刷牙吗？送给爱吃甜食的你！）","145927","100","�i田澄子","北京联合出版公司","16.20","36.00"
"136","如何说孩子才会听 怎么听孩子才肯说（全新修订版）","1063811","99.9","玛兹丽施","中央编译出版社","18.40","36.80"
"137","呼兰河传（《呼兰河传》和《生死场》的合编本，萧红的主要作品）","299137","99.7","萧红","北京联合出版公司","13.80","28.80"
"138","神奇的答案之书","55415","99.8","梅森","吉林美术出版社","17.50","35.00"
"139","我的自然笔记： 和大自然做游戏","485","100","芮东莉","湖南科技出版社","27.10","29.80"
"140","最好的方法给孩子","54394","99.9","王芳","东方出版社","28.60","39.80"
"141","历史的启示：史学大师讲古人，有料好读不枯燥","152","100","吴晗","中国友谊出版公司","48.20","52.00"
"142","显微镜下的大明（张若昀、王阳、戚薇、吴刚主演同名影视剧原著，全新明朝历史书）","200203","100","马伯庸","湖南文艺出版社","26.00","52.00"
"143","心 稻盛和夫的一生嘱托","216551","100","稻盛和夫","人民邮电出版社","29.50","59.00"
"144","写给儿童的中国地理（全14册）","367344","99.9","陈卫平","新世界出版社","152.80","392.00"
"145","杨绛传：永不褪色的优雅（精装版 附赠书签）","273","100","吴玲","青岛出版社","25.00","30.00"
"146","夏洛的网(2020版）（三年级阅读经典书目）","1229896","99.4","怀特","上海译文出版社","25.50","37.00"
"147","黄帝内经全集（全译图解版）中医养生本源之书","52708","99.9","肖建喜","吉林科学技术出版社","49.90","99.90"
"148","绿野仙踪（原版插图本，影响孩子成长的经典童话，儿童文学翻译家张炽恒未删节全译）","165172","100","莱曼・弗兰克・鲍姆","北京联合出版公司","9.40","20.00"
"149","漫画小学生心理 全4册 自信力自控力社交力积极力  儿童心理健康教育漫画书 发展认知行为情绪管理与性格培养绘本故事书籍","3179","100","翰图","广东人民出版社","69.80","140.00"
"150","少年抑郁症（每5个孩子，就有1个可能抑郁！原北京回龙观医院主治医师，分析17个家庭的真实案例。送给中国父母的“心理养育课”）","8347","100","真实故事计划","台海出版社","28.00","56.00"
"151","曹文轩文集典藏版（全7册，青铜葵花，草房子，跟鸟，三角地，细米，山羊不吃天堂草，甜橙树）","413777","99.3","曹文轩","天天出版社有限责任公司","58.80","168.00"
"152","走遍世界 图说天下 寻梦之旅","217373","100","王秀莉","四川人民出版社","20.00","29.90"
"153","新史纪丛书・1066：诺曼征服前后的英格兰（精装）","433","100","埃德・韦斯特","化学工业出版社","48.80","49.80"
"154","文城（余华新书，时隔8年重磅归来，《活着》之后又一精彩力作）","381351","100","余华","北京十月文艺出版社","29.50","59.00"
"155","猜猜我有多爱你（3-8岁）信谊世界精选图画书","242990","100","山姆・麦克布雷尼","明天出版社","21.90","43.80"
"156","皮囊（400万册纪念版，直面人生的难题，刻在骨头里的故事，容纳一个个既失去家乡又未到达远方的生命）","1328372","99.9","蔡崇达","天津人民出版社","24.90","49.80"
"157","追风筝的人（李雪琴、高圆圆动情推荐，《纽约时报》畅销书榜上榜超100周）","1131923","100","卡勒德・胡赛尼","上海人民出版社","32.40","45.00"
"158","和爸爸一起科学启蒙绘本（全8册+66个彩蛋，歪歪兔出品）","37856","99.9","关航","海豚出版社","67.50","150.00"
"159","霍乱时期的爱情（《百年孤独》作者马尔克斯传世巨著，展示爱情的所有可能）","887822","100","哥伦比亚","南海出版公司","34.50","69.00"
"160","钱锺书传（先生的1910到1998）","123","100","林希美","台海出版社","49.00","49.00"
"161","情商这门课，只能父母教（当当定制情绪温度计海报）著名教育专家唐雯倾心打造","16735","100","唐雯","江苏凤凰文艺出版社","19.90","39.80"
"162","我与地坛","112641","100","史铁生","人民文学出版社","24.20","32.00"
"163","世界很喧嚣，做自己就好（百万畅销书作家老杨的猫头鹰2023年新作。送给当代年轻人一本毒舌又好笑的开窍指南。）","3443","100","老杨的猫头鹰","江苏凤凰文艺出版社","24.90","49.80"
"164","亲密关系：通往灵魂的桥梁（新版）：杨天真推荐，这本书告诉我们如何穿透自我障碍，用爱酿造幸福秘方","833991","100","克里斯多福・孟","湖南文艺出版社","22.50","45.00"
"165","《鲜衣怒马少年时》（1+2）套装","62678","100","少年怒马","湖南文艺出版社","49.00","98.00"
"166","古文观止译注(精装注音版，无障碍阅读!)(当当定制升级版)","73505","99.9","李梦生","上海古籍出版社","44.20","68.00"
"167","金波四季美文（注音美绘版）套装全4册","48581","100","金波","长江少年儿童出版社","50.00","100.00"
"168","小兔子学花钱系列（完整版・全4册）：3~7岁财商启蒙，学花钱、学赚钱、学存钱、学捐钱！3岁对钱有概念，7岁会管零花钱","188596","100","辛德斯・麦克劳德","河南文艺出版社","85.60","171.20"
"169","小羊上山儿童汉语分级读物第1级，幼小衔接学会自主识字阅读（10册套装），童趣出品","142920","100","孙蓓","人民邮电出版社","69.00","138.00"
"170","我的自然笔记：家有萌宠","734","100","芮东莉","湖南科技出版社","27.10","29.80"
"171","手不是用来打人的（儿童好品德系列，全5册）孩子多读就见效的习惯养成书，缓解新手爸妈育儿焦虑，王志庚、孙莉莉、朱爱朝推荐","477395","99.9","伊丽莎白・弗迪克","贵州教育出版社","38.60","99.00"
"172","地心游记（银火箭少年科幻系列・第2辑，又译《地心历险记》，经典探险科幻小说，引发孩子对自然宇宙的思考）","47181","100","儒勒・凡尔纳","民主与建设出版社","13.50","35.00"
"173","刻意练习：如何从新手到大师","410909","100","安德斯・艾利克森","机械工业出版社","35.40","59.00"
"174","红楼梦原著版（上、下册，全两册，全本120回）（团购电话:400-1066666转6）","734307","99.7","曹雪芹","人民文学出版社","34.00","59.70"
"175","华杉讲透孙子兵法（《狂飙》高启强的人生之书！这回终于读懂孙子兵法！通篇大白话，一看就懂）","181468","99.7","华杉","江苏文艺出版社","34.90","69.80"
"176","宝葫芦的秘密 金波、张抗抗推荐 快乐读书吧 爱阅读课程化丛书 青少版（无障碍阅读 彩插本）。中国著名儿童文学家张天翼作品。陪伴千万读者成长的经典童话","18475","100","张天翼","天地出版社","18.60","24.80"
"177","天才在左，疯子在右 完整版（2023版)","651866","100","高铭","北京联合出版有限公司","37.40","52.00"
"178","橘子不是唯一的水果","295293","99.9","珍妮特・温特森","北京联合出版有限公司","24.50","49.00"
"179","美国儿科学会育儿百科（第7版）","459918","100","塔尼娅・奥尔特曼","北京科学技术出版社","64.80","108.00"
"180","外婆","41945","100","伍剑","长江少年儿童出版社","11.30","25.00"
"181","心理抚养","134544","100","李玫瑾","上海三联书店","22.40","46.80"
"182","新史纪丛书・黑暗年代：阿尔弗雷德大帝与公元5～10世纪的早期英格兰（精装）","560","100","埃德・韦斯特","化学工业出版社","48.80","49.80"
"183","我的自然笔记：发现一只鸟","432","100","芮东莉","湖南科技出版社","27.10","29.80"
"184","大侦探福尔摩斯（第1辑）（全6册）","206185","100","柯南・道尔","湖北教育出版社","44.40","114.00"
"185","作个闲人：苏东坡的治愈主义（《金刚经修心课》作者费勇教授全新解读苏东坡！告别内耗，和苏东坡一样做个快乐的人！）","15956","100","费勇","江苏凤凰文艺出版社","29.90","59.80"
"186","小狗钱钱（套装2册）（附赠免费亲子财商课+理财秘籍思维导图）","335728","100","博多・舍费尔","中信出版社","39.80","79.60"
"187","一读就会用的分类成语故事（把成语用起来！随书附赠价值99元在线学习码，全10册，歪歪兔童书馆出品）","56710","100","歪歪兔童书馆","海豚出版社","202.50","450.00"
"188","尼尔斯骑鹅旅行记 快乐读书吧 六年级下册推荐阅读(中小学生课外阅读指导丛书)无障碍阅读 彩插励志版 130000多名读者热评！","270966","99.9","拉格洛夫","南方出版社","14.30","16.80"
"189","龙猫（宫崎骏代表作首次授权。吉卜力官方授权唯一简体中文版绘本。）","62894","100","宫崎骏","北京联合出版有限公司","49.00","68.00"
"190","我的自然笔记：厨房探秘","461","100","芮东莉","湖南科技出版社","27.10","29.80"
"191","窗边的小豆豆(2018版)","1627932","99.9","黑柳彻子","南海出版公司","27.20","39.50"
"192","时间是什么 给孩子的时间启蒙科普绘本 养成合理规划时间的好习惯 精装版","45849","100","知了","北方妇女儿童出版社","19.50","50.00"
"193","生命由来科学绘本 不可思议的进化故事","22584","100","知了","北方妇女儿童出版社","20.00","50.00"
"194","晚熟的人（莫言新书）","383892","100","莫言","人民文学出版社","46.70","59.00"
"195","我喜欢自己――邓超微博推荐的绘本 带给孩子更多勇气和自信的绘本！","479350","99.6","南希・卡尔森","河北教育出版社","17.90","35.80"
"196","我的情绪小怪兽（3-8岁） 信谊世界精选图画书","181244","100","安娜・耶纳斯","明天出版社","24.90","49.80"
"197","小王子（原版精美插图，傅雷翻译出版奖得主郑克鲁法文直译。揭秘作者传奇人生，展示与《小王子》有关的钱币、纪念章、邮票等）","256943","100","圣埃克苏佩里","浙江工商大学出版社","12.50","26.00"
"198","假如给我三天光明（中小学生课外阅读指导丛书）彩插无障碍阅读 智慧熊图书","19585","100","海伦","商务印书馆","20.50","22.80"
"199","消失的13级台阶（罗翔推荐！荣获日本推理小说至高荣誉江户川乱步奖！是否值得为一场痛快的复仇，陪葬掉自己的人生？）","346767","100","高野和明","上海文艺出版社","21.00","42.00"
"200","万历十五年 一本好书 腾讯视频栏目推荐","863005","99.5","黄仁宇","生活.读书.新知三联书店","15.60","26.00"
"201","房思琪的初恋乐园 （豆瓣9.2高分！数百万读者强烈共鸣的文学绝唱）","549010","100","林奕含","北京联合出版有限公司","27.40","45.00"
"202","米小圈脑筋急转弯（第一辑）（套装共4册）","692179","95.6","北猫","四川少儿出版社","28.80","64.00"
"203","银火箭少年科幻系列・第1辑（8册。“雨果奖”得主、三体作者刘慈欣主编，套装内作者作品曾获银河奖特等奖等多项国际大奖）","688184","100","刘慈欣","浙江教育出版社","103.80","256.00"
"204","一九八四（又译“1984”。奥威尔代表作，反乌托邦杰作之一）","252831","100","乔治・奥威尔","时代文艺出版社","14.40","32.00"
"205","青鸟（1911年诺贝尔文学奖得主梅特林克的童话剧，傅雷翻译出版奖获得者郑克鲁唯美翻译。幸福无须仰望，回首即是天堂）","88507","100","莫里斯・梅特林克","浙江工商大学出版社","16.20","19.00"
"206","皮特猫・3~6岁好性格养成书：第一辑（共6册）（乐观、积极、开朗…荣获多项大奖的好性格榜样）新老版随机发货","390977","100","艾瑞克・利温","文汇出版社","70.00","139.90"
"207","我愿生活冷冷清清又风风火火：有趣的灵魂，从来不需要在别人的世界里刷存在感。元气满满，自带光芒；心无所惧，又美又飒。","4885","100","�M�M","水利水电出版社","38.80","49.80"
"208","高效能人士的七个习惯（30周年纪念版）（全新增订版）（新增《纽约时报》畅销肖恩・柯维全新观点,管理大师吉姆・柯林斯作序）","315508","100","史蒂芬・柯维","中国青年出版社","56.50","79.00"
"209","城南旧事（《语文》阅读丛书）人民文学出版社","80933","100","林海音","人民文学出版社","26.00","26.00"
"210","撒哈拉的故事（豆瓣超42万读者9.2分推荐，传奇作家三毛代表作，2022版）","470432","100","三毛","南海出版公司","24.50","49.00"
"211","人生（茅盾文学奖得主路遥作品，电视剧《人生之路》原著，陈晓、李沁、张嘉倪主演。高加林一代青年冲开困境，去往人生新“路”。）","165994","100","路遥","北京十月文艺出版社","27.20","39.50"
"212","遇见未知的自己：全新修订版","406883","99.9","张德芬","湖南文艺出版社","26.00","52.00"
"213","罗尔德・达尔作品典藏 查理和巧克力工厂","389432","99.9","罗尔德・达尔","明天出版社","11.00","22.00"
"214","当下的力量（白金版）埃克哈特?托利经典之作，我们这个时代具有影响力的心灵经典！畅销书作家张德芬导读推荐！","19108","100","埃克哈特・托利","中信出版社","59.00","59.00"
"215","孙子兵法（中华经典名著全本全注全译丛书-三全本）","62653","100","陈曦","中华书局","20.60","26.00"
"216","月亮和六便士（毛姆代表作之一，全新导读+无删节详注版）","611698","99.9","毛姆","时代文艺出版社","12.20","27.00"
"217","少年读徐霞客游记","112651","100","刘兴诗","青岛出版社","50.00","100.00"
"218","人间小满：央视网推荐作者！第九届当当影响力作家！姑苏阿焦作品 ！最抚人心的烟火气，治愈心灵的小欢喜！","38159","100","姑苏阿焦","水利水电出版社","22.60","58.00"
"219","心喜阅绘本馆：善平爷爷的草莓（平装）（点读版）","29445","100","松冈","长江少年儿童出版社","11.30","25.00"
"220","通识第一课：从我到全世界（“欲成大器，须有通识”，给孩子搭建完整的通识体系。12大领域，360个通识主题，5000＋知识点，全12册。歪歪兔童书馆出品）","904","99.8","歪歪兔童书馆","海豚出版社","180.00","360.00"
"221","草房子：六年级推荐课外阅读书/曹文轩纯美小说系列","536954","99.9","曹文轩","江苏凤凰少年儿童出版社","9.90","22.00"
"222","透过地理看历史","59004","100","李不白","台海出版社","24.00","48.00"
"223","曾国藩传（张宏杰全新增补版：复盘曾国藩的人生路径及命运抉择）","159037","100","张宏杰","民主与建设出版社","56.10","78.00"
"224","长安客（《狂飙》高启强扮演者张颂文推荐，大唐版《人类群星闪耀时》，李白、杜甫、王维、白居易、元稹等八位诗人的命运特写）","144365","100","北溟鱼","天津人民出版社","22.50","45.00"
"225","我希望自己足够渺小","631","100","拾穗人","新星出版社","68.00","68.00"
"226","中国最美的100个地方 图说天下 寻梦之旅","26014","100","图说天下","四川人民出版社","20.00","29.90"
"227","底层逻辑：看清这个世界的底牌（俞敏洪、董宇辉东方甄选强势推荐）","174786","99.9","刘润","机械工业出版社","41.40","69.00"
"228","周易（中华经典名著全本全注全译丛书-三全本）","14865","99.9","杨天才","中华书局","41.40","49.00"
"229","边城（沈从文代表作）","216322","100","沈从文","中国友谊出版公司","15.70","32.00"
"230","这世界很好，但你也不差（打破满意度低幸福感差，这世界真叫人疲倦的死循环。万特特全新作品，《这世界很烦，但你要很可爱》姊妹篇）","116766","100","万特特","新世界出版社","22.00","49.00"
"231","不可思议的无花果，和关于它的幻想","318","100","西��清顺","新星出版社","68.00","68.00"
"232","半小时漫画中国史大全集（0-5）（中国史大全集！其实是一套严谨的极简中国史！看半小时漫画，通五千年历史！半小时漫画文库）","134332","100","陈磊・半小时漫画团队","海南出版社","134.70","269.40"
"233","骆驼祥子 七年级下册推荐阅读 中小学生课外阅读指导丛书 无障碍阅读 彩插励志版 40万多名读者热评！","420729","99.9","老舍","时代文艺出版社","13.40","15.80"
"234","小英雄雨来 红色经典故事快乐读书吧六年级上册推荐阅读中小学生课外阅读指导丛书无障碍阅读 彩插励志版 16万多名读者热评！","163060","100","管桦","南方出版社","16.80","19.80"
"235","动物农场（乔治・奥威尔经典的讽喻之作 ，也译“动物庄园”，后附英文版）","90661","100","乔治・奥威尔","时代文艺出版社","10.80","24.00"
"236","人类群星闪耀时（无删减全译本。《一个陌生女人的来信》作者茨威格的传记杰作，14位时代英雄，14个人类命运攸关的历史时刻）","160052","100","斯蒂芬・茨威格","时代文艺出版社","12.60","28.00"
"237","这世界很烦，但你要很可爱 专享版（只要你可爱，这个世界也会变得可爱）","110444","100","杨红","水利水电出版社","35.90","46.00"
"238","妈妈的情绪影响孩子的一生","29719","100","蒋小芳","中国轻工业出版社","19.10","39.80"
"239","我与地坛（精装插图珍藏版2020）","68710","100","史铁生","湖南文艺出版社","28.00","56.00"
"240","是谁嗯嗯在我的头上――邓超微博推荐的绘本 带给孩子更多勇气和自信的绘本！","331305","99.8","维尔纳霍・尔茨瓦特","河北教育出版社","19.90","39.80"
"241","终身成长：重新定义成功的思维模式","330864","100","卡罗尔・德韦克","江西人民出版社","24.90","49.80"
"242","青春期男孩的枕边书 （图解版）","129","100","乔乐","四川辞书出版社","49.80","49.80"
"243","吸引力法则（稻盛和夫推荐学习的课程。掌握吸引力法则是创造梦想人生的关键！销售、谈判、职场、人际关系……成功工具书。）","124014","100","杰克・坎菲尔德","光明日报出版社","14.30","29.80"
"244","如果历史是一群喵1-11（套装共11册）","43948","99.9","肥志","广东旅游出版社","399.00","637.40"
"245","乌合之众 : 大众心理研究（群体心理学创始人古斯塔夫・勒庞代表作之一。极简翻译文风，语言深入浅出，减少艰深晦涩）","735135","100","古斯塔夫・勒庞","民主与建设出版社","10.20","26.00"
"246","骆玉明古诗词课签章版（复旦爆火诗词课！听骆老师讲诗词，总是鼻子酸酸的、心里暖暖的！张新颖、王安忆推荐！）（读客三个圈经典文库）","9976","100","骆玉明","江苏凤凰文艺出版社","38.94","59.90"
"247","列那狐的故事 快乐读书吧 五年级上册推荐阅读(中小学生课外阅读指导丛书)无障碍阅读 彩插励志版 96000多名读者热评！","166252","100","玛特","南方出版社","13.40","15.80"
"248","兄弟（余华巅峰之作！有的人活着，生死疲劳；有的人活着，任性逍遥。一部真正伟大又好看的小说。2022新版）","81925","100","余华","北京十月文艺出版社","54.50","79.00"
"249","时间从来不语，却回答了所有问题（文学大师季羡林百岁人生的智慧精粹，未来不足惧，过往不须泣，只有时间才懂人心。）","145619","100","季羡林","百花洲文艺出版社","27.50","55.00"
"250","新海诚：铃芽之旅 简体中文版（精装，随书附赠全彩书签+随机一款海报）动画电影《铃芽之旅》原作小说","6987","100","新海诚","新星出版社","36.00","45.00"
"251","正是橙黄橘绿时（“中国好书奖”获得者肖复兴暖心新作，温暖你的三餐和四季！随书附赠作者手绘藏书票一张）","35829","100","肖复兴","北京联合出版有限公司","23.00","48.00"
"252","草木有情且美（安意如倾情推荐：一个女子如果懂得与草木相约， 平常的日子也会淡淡生香）","1061","99.7","子梵梅","南海出版公司","59.80","59.80"
"253","不爱说话的十一岁・纽伯瑞儿童文学奖金奖（写尽8~12岁孩子的心事！孩子到了有心事的年纪，只需要倾听、倾听和倾听）","60510","100","艾琳.恩瑞达.凯莉","文汇出版社","17.90","35.80"
"254","和唐朝诗人握个手","1756","100","急脚大师","南方出版社","27.80","58.00"
"255","也许你该找个人聊聊（李松蔚审校并作序，心理学泰斗欧文・亚隆力荐；入选豆瓣TOP250图书，2.5万人9.0高分推荐）","124961","100","洛莉・戈特利布","上海文化出版社","34.00","68.00"
"256","夏天、烟火和我的尸体（张震、田�D推荐。乙一16岁惊世成名作，高口碑暗黑杰作，获第6届JUMP小说大奖）","271831","100","乙一","南海出版公司","22.50","45.00"
"257","长青藤国际大奖小说书系：想赢的男孩","140606","100","杰里・斯皮内利","云南出版集团公司 晨光出版社","11.80","20.00"
"258","古文观止（上下册，原文+导读+注释+翻译，特别适合青少年）","286793","99.9","吴楚材","浙江教育出版社","23.40","52.00"
"259","嫌疑人X的献身（易烊千玺推荐。2022年新版，500万册纪念，限量赠东野亲笔寄语卡）","873340","99.6","东野圭吾","南海出版公司","29.50","59.00"
"260","给孩子的第一本法律启蒙书（听北大法学硕士讲法制故事， 孩子不可不知的法律常识）","12663","100","曹照鹏","民主与建设出版社","24.90","49.80"
"261","不可思议的文明奇迹 涵盖历史地理多学科领域 精装版","59501","100","郭子林","石油工业出版社","20.00","50.00"
"262","我不敢说，我怕被骂――邓超微博推荐的绘本 带给孩子更多勇气和自信的绘本！","590061","100","皮姆・范・赫斯特","北京联合出版公司","19.90","39.80"
"263","哒哒哒哒菜园记","920","100","伊藤礼","新星出版社","45.00","45.00"
"264","亮丽精美触摸书：小兔比利","96872","99.9","莫里斯・普莱格尔","未来出版社","26.80","68.80"
"265","最好的面包店","16219","100","张越","北京联合出版有限公司","28.00","56.00"
"266","枪炮、病菌与钢铁（赠解读册）","86470","100","贾雷德・戴蒙德","中信出版社","66.70","89.00"
"267","红岩（激励了无数青年的爱国情怀和奋斗热情）","753653","99.9","罗广斌","中国青年出版社","22.70","36.00"
"268","人类简史：从动物到上帝（第十届文津奖作品。颠覆认知，刷新世界观！我们的过去尽在此书！尤瓦尔赫拉利著，新老版封面随机发）","782066","99.9","尤瓦尔・赫拉利","中信出版社","40.80","68.00"
"269","家庭的觉醒","40868","100","沙法丽","上海社会科学院出版社","24.40","48.80"
"270","丛林故事 中小学生课外阅读指导丛书 无障碍阅读彩插励志版 儿童文学经典1万多名读者热评！","11128","100","鲁德亚德","南方出版社","21.10","24.80"
"271","苏格拉底的申辩","60802","100","柏拉图","华夏出版社","30.40","49.00"
"272","一读就入迷的中国史","42","100","陆锋","成都时代出版社","26.50","68.00"
"273","没头脑和不高兴（注音版）","509679","100","任溶溶","浙江少年儿童出版社","15.00","25.00"
"274","调皮的日子新版（套装3册）","63711","99.9","秦文君","春风文艺出版社","44.60","81.00"
"275","国际大奖小说・升级版--一百条裙子","173545","100","埃莉诺・埃斯特斯","新蕾出版社","8.00","16.00"
"276","童年漫游者","469","99.8","安德","北京联合出版有限公司","55.00","55.00"
"277","米小圈上学记二年级（套装共4册）","458749","100","北猫","四川少儿出版社","45.00","100.00"
"278","罗尔德・达尔作品典藏 了不起的狐狸爸爸","683659","99.9","罗尔德・达尔","明天出版社","7.50","15.00"
"279","曾仕强详解易经系列1：易经真的很容易（精装）","19535","99.4","曾仕强","陕西师范大学出版社","24.50","32.00"
"280","歪歪兔逆商教育系列图画书合集全20册（儿童情绪与行为引导培养，逆商培养挫折教育，歪歪兔童书馆出品）","393036","99.7","歪歪兔关键期早教项目组","海豚出版社","80.00","160.00"
"281","99%诱拐","4245","100","冈岛二人","化学工业出版社","47.00","48.00"
"282","新版・长青藤国际大奖小说书系・第3辑：作文里的奇案","38092","100","伊夫","云南出版集团公司 晨光出版社","15.30","26.00"
"283","小镇喧嚣：一个乡镇政治运作的演绎与阐释","45718","100","吴毅","生活书店出版有限公司","40.80","68.00"
"284","喝月亮的女孩・纽伯瑞金奖","58327","100","凯莉・巴恩希尔","贵州人民出版社","19.90","39.80"
"285","花婆婆――清华附小推荐的经典绘本！美国国家图书奖作品！","565614","99.6","芭芭拉库尼","河北教育出版社","19.90","39.80"
"286","学会管自己幼儿版-歪歪兔自控力教育系列绘本（全10册，幼儿园情绪管理与时间管理绘本）","236179","99.9","歪歪兔关键期早教项目组","海豚出版社","39.60","88.00"
"287","知行合一王阳明大全集（套装共3册）（全面解读知行合一理念的经典全集）","71945","100","度阴山","江苏凤凰文艺出版社","59.00","118.00"
"288","小狗钱钱（附赠免费亲子财商课+理财秘籍思维导图）","358135","100","博多・舍费尔","中信出版社","19.90","39.80"
"289","我们仨（新版）","1596640","99.8","杨绛","生活.读书.新知三联书店","21.00","28.00"
"290","理想国（2020全译本，西方哲学的源头，清华大学、北京大学图书馆借阅榜首位）","99403","100","柏拉图","民主与建设出版社","39.20","56.00"
"291","荒原狼（梁永安推荐！治愈一个社恐内心的焦虑，只需要读一遍荒原狼！收录专家深度导读、黑塞珍贵信件) (读客三个圈经典文库)","18141","100","赫尔曼・黑塞","江苏凤凰文艺出版社","29.90","59.90"
"292","流浪的地球（《三体》作者刘慈欣绚丽想象力之作，关乎人类命运共同体的科幻遐想，大人孩子均可阅读。)","688184","100","刘慈欣","浙江教育出版社","14.20","29.00"
"293","自卑与超越（也译作《超越自卑》。个体心理学创始人阿德勒代表作之一）","141181","100","阿尔弗雷德・阿德勒","民主与建设出版社","13.50","30.00"
"294","海豚绘本花园：会飞的挖土机（平）（点读版）","190688","100","伊恩","长江少年儿童出版社","9.90","22.00"
"295","男孩，你要学会保护自己","60","100","乔乐","四川辞书出版社","49.80","49.80"
"296","月亮与六便士（曾获豆瓣9.4高分评论，一本好书、腾讯视频栏目推荐）","232318","99.8","毛姆","南海出版公司","17.50","35.00"
"297","茶花女 世界名著典藏","75214","99.9","小仲马","中央编译出版社","8.00","16.00"
"298","基层女性","53461","100","王慧玲","中国友谊出版公司","27.40","49.80"
"299","他在云之南（人气作家景行燃情悬爱力作！随书附赠“追光”书签。）","62247","100","景行","百花文艺出版社","19.90","39.80"
"300","生命的重建 原版套装","48598","100","露易丝・海","中国宇航出版社","25.40","50.80"
"301","青铜葵花（精装典藏版）","25803","100","曹文轩","天天出版社有限责任公司","17.64","49.00"
"302","南京大屠杀:第二次世界大战中被遗忘的大浩劫（《南京浩劫：被遗忘的大屠杀》）","152274","99.9","张纯如","中信出版社","33.80","49.00"
"303","漫画中国史全套8册 这才是孩子爱看的半小时漫画中国史史记通史儿童科普读物中小学生历史故事作文素材课外阅读畅销书","22918","100","青蓝图书","中航出版传媒有限责任公司","198.00","198.00"
"304","小学生安全漫画：男童安全（最安全的地方仍然存在危险，现在、立刻、马上，帮助男孩强化安全意识！）（小学生安全漫画系列）","8315","99.9","读客小学生阅读研究社.安全组","江苏凤凰文艺出版社","16.40","32.80"
"305","我的情绪小怪兽","84059","100","安娜・耶纳斯","陕西人民教育出版社","53.80","138.00"
"306","养育男孩（典藏版）","622806","99.9","史蒂夫・比达尔夫","中信出版社","19.90","39.80"
"307","中华人民共和国民法典(32开压纹烫金版 附草案说明)2021年1月起正式施行  团购电话：4001066666转6","200789","100","法律出版社","法律出版社","8.10","28.00"
"308","臣服实验（当当专享赠送设计师排版中英金句小册子）","52742","100","迈克・A","南京大学出版社","29.50","59.00"
"309","波西和皮普11册超值套装赠同款精美贴纸（小小聪明豆系列绘本）0-3岁低幼启蒙情绪管理绘本，发现快乐，体验成长！","280911","100","阿克塞尔・舍夫勒","外语教学与研究出版社","68.50","137.00"
"310","少有人走的路：心智成熟的旅程（白金升级版）","232573","100","M.斯科特・派克","北京联合出版有限公司","20.10","42.00"
"311","人生由我：比“硅谷钢铁侠”埃隆・马斯克更酷的硬核母亲。励志版“向前一步”","114067","100","梅耶・马斯克","中信出版社","38.30","59.00"
"312","富爸爸穷爸爸（新版本）当当投资理财类图书！本版随书附赠价值198元的“小白财商在线课程”","570317","100","罗伯特・清崎","四川人民出版社","42.70","89.00"
"313","面纱（50岁时毛姆写下这个近乎完美的爱情故事，因为每个人都在故事中找到了自己）","131996","100","毛姆","江西人民出版社","19.90","39.80"
"314","男孩，你要学会强大自己（为男孩开启成长加油站，提升青春期男孩的精神与智慧。）","72","100","国成彪","四川辞书出版社","49.80","49.80"
"315","汤姆索亚历险记 快乐读书吧 六年级下册推荐阅读(中小学生课外阅读指导丛书)无障碍阅读 彩插励志版 350000多名读者热评！","476856","99.9","马克","时代文艺出版社","12.60","14.80"
"316","简爱（英国女作家夏洛蒂・勃朗特的长篇小说，翻译家宋兆霖未删节全译本）","283396","99.7","夏洛蒂勃朗特","作家出版社","13.40","29.80"
"317","新史纪丛书・恶病年代：骑士、瘟疫、百年战争与金雀花王朝的凋落（精装）","631","100","埃德・韦斯特","化学工业出版社","48.80","49.80"
"318","海蒂怀孕大百科（全新第5版，  百万育儿大V大J小D、年糕妈妈推荐！）","150114","99.9","海蒂・麦考夫","南海出版公司","34.00","68.00"
"319","秘密花园（《语文》阅读丛书）人民文学出版社","37326","100","弗朗西丝・伯内特","人民文学出版社","24.00","24.00"
"320","围城","267002","99.9","钱钟书","人民文学出版社","28.50","36.00"
"321","厚黑学全集（足本典藏版，林语堂、南怀瑾、柏杨、李敖历经沉浮，感悟作序）","153320","99.9","李宗吾","中国友谊出版公司","14.90","29.80"
"322","歪歪兔行为习惯系列互动图画书（全10册）","245987","99.6","歪歪兔关键期早教项目组","海豚出版社","40.50","90.00"
"323","趣读三十六计(漫画版)6-12岁中小学课外阅读国学经典 历史儿童文学漫画故事书 培养孩子解决问题的思路和策略学习解决问题的能力","2592","100","刘鹤","成都地图出版社","27.80","39.80"
"324","好好吃的水果蔬菜：全3册（从辅食期就应该看的“下饭”玩具书、纸板书，让小宝宝好好吃饭不挑食）","48077","100","木下惠","长江少年儿童出版社","58.50","150.00"
"325","命运（蔡崇达新书，畅销400万册《皮囊》作者长篇新作。刘德华、韩寒、白岩松、李敬泽、程永新联袂推荐！一个人的无常，所有人的命运）","76207","100","蔡崇达","浙江文艺出版社","29.90","59.80"
"326","活出生命的意义","137241","99.9","弗兰克尔","华夏出版社","29.00","36.00"
"327","牧羊少年奇幻之旅（央视《朗读者》、湖南卫视《天天向上》、李现、黄轩、TFBOYS、高圆圆推荐，能改变一个人一生的书）","666004","99.9","保罗・柯艾略","北京十月文艺出版社","24.10","35.00"
"328","中国传世寓言图画书（礼盒装全35册）","644","99.5","戴敦邦","长江少年儿童出版社","133.00","350.00"
"329","小英雄雨来 快乐读书吧 六年级（上）精美插图版 儿童文学经典 中小学生课外阅读经典 6万多名读者热评！","148675","100","管桦","北京教育出版社","13.20","18.80"
"330","中国古代文化常识 （插图修订第4版）","171126","99.7","王力","北京联合出版公司","30.00","60.00"
"331","在峡江的转弯处：陈行甲人生笔记 （当当专享亲笔信，南方周末、万圣书园2021十大好书）","5033","99.9","陈行甲","人民日报出版社","24.00","48.00"
"332","自律的你真美：内附60幅超萌漫画，轻松打败拖延和逃避","20808","100","美崎荣一郎","四川文艺出版社","41.80","45.00"
"333","昆虫记（《语文》推荐阅读丛书）八年级上册推荐阅读 人民文学出版社","123484","100","亨利・法布尔","人民文学出版社","26.00","26.00"
"334","名画里看世界 给孩子能读懂的美学科普 精装版","104810","100","钟华","北京联合出版有限公司","20.00","50.00"
"335","博物馆艺术拾珍：收敛篇（汇集10座世界知名综合、时代博物馆100余件镇馆之宝）","1062","100","梁进","化学工业出版社","42.20","88.00"
"336","罗尔德・达尔作品典藏（彩图拼音版）―了不起的狐狸爸爸","356737","100","罗尔德・达尔","明天出版社","14.00","28.00"
"337","孙子兵法・三十六计 （全本无删减）美绘本 青少版 无障碍阅读 少年读经典","36174","100","孙武","北京教育出版社","23.80","29.80"
"338","铃木绘本第6辑 相亲相爱的青蛙三兄弟（亲情 手足 动物科普 相处）3-6岁 情商培养系列","53674","100","吉本宗","化学工业出版社","18.00","18.00"
"339","透过地理看历史+三国篇+大航海（套装版）","2804","99.9","李不白","人民日报出版社","119.00","225.80"
"340","经典常谈 朱自清著八年级下册语文教材名著导读推荐阅读书目 适合学生自主阅读的课外阅读读本 一部讲述中国传统经典文化的著作","23362","100","朱自清","南方出版社","20.10","26.80"
"341","望江南（2022中国好书获奖作品！你一句春不晚，我就到了真江南。茅奖得主王旭烽，沉潜26年，最新长篇小说力作。）","107754","100","王旭烽","浙江文艺出版社","37.40","68.00"
"342","人生只有一件事:教你如何活得更好","75612","100","金惟纯","中信出版社","38.30","59.00"
"343","青蛙和蟾蜍（拼音版）（7-12岁） 信谊世界精选图画书","32618","100","艾诺・洛贝尔","明天出版社","36.40","72.80"
"344","国际大奖小说・成长版――仙境之桥","9506","100","凯瑟琳","新蕾出版社","15.00","30.00"
"345","一千零一夜 快乐读书吧五年级上册推荐阅读(中小学生课外阅读指导丛书)无障碍阅读彩插励志版 5万多名读者热评！","51386","100","邵珠磊","南方出版社","19.40","22.80"
"346","中国文化要略(第4版)","27684","99.6","程裕祯","外语教学与研究出版社","43.40","49.90"
"347","外婆的道歉信（外婆说，要大笑要做梦要与众不同。人生是一场伟大的冒险。销量突破100万册。随书附赠一封神秘道歉信）","637815","99.9","弗雷德里克・巴克曼","天津人民出版社","21.00","42.00"
"348","三体1（典藏版）","114973","99.9","刘慈欣","重庆出版社","18.60","26.00"
"349","一只很没耐心很没耐心的毛毛虫（全3册）包邮","7177","100","罗斯・布拉奇","中信出版社","29.00","58.00"
"350","博物馆艺术拾珍：发散篇（汇集20座世界知名地域、特色博物馆100余件镇馆之宝）","1755","99.9","梁进","化学工业出版社","42.20","88.00"
"351","小猪唏哩呼噜(注音版上下)","681684","99.9","孙幼军","春风文艺出版社","22.00","40.00"
"352","父母话术训练 父母的语言里藏着孩子的未来！","2715","100","李静","古吴轩出版社","20.10","42.00"
"353","秘密（经典身心灵励志读物，为人生带来喜悦转变的能量之书，“吸引力法则”三部曲扛鼎之作。）","250051","99.8","朗达・拜恩","湖南文艺出版社","28.00","56.00"
"354","山茶文具店（日本畅销作家小川糸备受好评暖心之作）","257877","100","小川糸","湖南文艺出版社","24.90","49.80"
"355","孩子读得懂的漫画民法典（一本真正教会孩子学法、守法、懂法、用法的漫画普法书）","1260","99.9","杜自力","湖南少年儿童出版社","24.90","49.80"
"356","沟通的方法（畅销60万册 得到CEO脱不花为你准备的沟通心法，助你职场一路开挂。现在加入沟通的无限游戏吧）","150955","100","脱不花","新星出版社","49.00","69.00"
"357","刘擎西方现代思想讲义（奇葩说导师、得到App主理人刘擎讲透西方思想史，马东、罗振宇、陈嘉映、施展力荐）","134309","100","刘擎","新星出版社","59.00","79.00"
"358","到历史上的都城去旅行（25座古都串起一部简明、清晰的中国史，带孩子旅行告别“外行看热闹”。圆脊精装，7-14岁适读。歪歪兔童书馆出品）","8439","100","歪歪兔童书馆","海豚出版社","60.80","135.00"
"359","大地球 给孩子的地球探险科普绘本 秒懂自然运转的奥秘 精装版","64589","100","张玉光","北京联合出版有限公司","34.50","50.00"
"360","抱抱（0-3岁） 信谊世界精选图画书","97757","100","作绘者","明天出版社","22.90","45.80"
"361","内证观察笔记：真图本中医解剖学纲目（增订本）","54129","99.6","无名氏","广西师范大学出版社","31.70","46.00"
"362","国际大奖小说――偷莎士比亚的贼","7444","100","加里・布莱克伍德","新蕾出版社","15.00","30.00"
"363","断舍离（经典断舍离，山下英子初版全本）","1100575","99.9","山下英子","广西科学技术出版社","31.40","32.00"
"364","八次危机：中国的真实经验1949-2009","114620","99.8","温铁军","东方出版社","39.00","55.00"
"365","山海奇想录:乌有镇历险记（少年中国成长系列，依托《山海经》为故事背景，充满奇幻瑰丽的山海冒险之旅。手绘精美插图）","8293","100","寻麦","民主与建设出版社","20.80","27.80"
"366","阅读是一座随身携带的避难所（罗翔推荐版本。“阅读应该是愉悦的，怎么思考就有怎么样的人生”。）","87376","100","毛姆","江西人民出版社","21.00","42.00"
"367","蛙（茅盾文学奖获奖作品，诺奖得主莫言畅销不衰的代表作；书写计划生育时代的大爱之书）","150004","100","莫言","浙江文艺出版社","35.20","49.00"
"368","骆驼祥子 小学生儿童文学三四五六年级8-9-10-12岁课外阅读书籍青少年世界名著童话故事书彩图美绘版","125563","100","老舍","北京日报出版社","16.70","19.80"
"369","国际大奖小说--波普先生的企鹅","5279","100","理查德・阿特沃特","新蕾出版社","12.50","25.00"
"370","屁屁侦探思维进阶版 第一辑（精装4册）","58042","100","Troll","二十一世纪出版社","70.00","140.00"
"371","窄门（诺贝尔文学奖经典 读完《窄门》便读懂了纪德的一生 法文直译全新版 “你希望很快忘记吗？―我希望永远不忘”）","88288","100","安德烈・纪德","天津人民出版社","22.50","45.00"
"372","如果历史是一群喵：夏商西周篇","72661","100","肥志","黑龙江美术出版社","33.32","49.00"
"373","古汉语常用字字典(第5版)新版商务印书馆 王力古汉语字典词典文言文工具书汉语中学生小学生教辅工具书实用工具书","523495","99.9","王力","商务印书馆","34.00","39.90"
"374","我有友情要出租（拼音版）","264605","100","方素珍","新疆青少年出版社","8.80","18.00"
"375","法布尔昆虫记（全10册）（儿童彩图版）","390672","99.6","高苏珊娜","北京科学技术出版社","99.00","198.00"
"376","知行合一王阳明（百万读者的心学入门书！深入解读知行合一及其创始人王阳明的通俗全传！樊登读书、书单来了等媒体推荐！）","159590","99.8","度阴山","江苏凤凰文艺出版社","24.90","49.90"
"377","手绢上的花田（日本童话作家安房直子的代表作，走进不可思议的幻想世界，培养非凡的想象力和感受力，给孩子润物无声的美善教育）","84438","99.8","安房直子","接力出版社","18.70","25.00"
"378","打开中国：了不起的建筑","6914","99.9","王晶","电子工业出版社","116.20","298.00"
"379","大个子老鼠小个子猫（注音版）1（新版本）","157020","99.9","周锐","春风文艺出版社","11.00","20.00"
"380","黑色棉花田-――百年国际大奖小说 2016年安徒生奖获得者曹文轩主编。纽伯瑞儿童文学奖金奖、美国国家图书奖获奖小说。美国教育协会推荐童书。","11165","100","米尔德里德・泰勒","南方出版社","11.30","25.00"
"381","乡土中国（精装版 附赠书签）","168215","100","费孝通","青岛出版社","22.80","28.00"
"382","博物馆寻宝记 藏在国宝中的文物简史 精装版","53997","100","王露","石油工业出版社","20.00","50.00"
"383","十二生肖的故事――首届丰子恺儿童图画书奖得主  赖马作品！","197320","100","赖马","河北教育出版社","22.90","45.80"
"384","张素芳小儿推拿技法图谱（汉竹）","34561","100","张素芳","江苏科学技术出版社","23.90","49.80"
"385","西游记幼儿美绘本（全10册）（点读版）","125314","99.9","吕进","少年儿童出版社","77.60","199.00"
"386","宝葫芦的秘密（《语文》推荐阅读丛书）人民文学出版社","45219","100","张天翼","人民文学出版社","23.00","23.00"
"387","大侦探福尔摩斯第3辑(全4册）（新版）","66319","100","柯南・道尔","湖北教育出版社","29.60","76.00"
"388","半小时漫画中国史0（中国历史从0开讲，从头到尾笑个不停！半小时搞懂中华文明从何起源！混子哥陈磊新作！半小时漫画文库）","149903","100","陈磊・半小时漫画团队","海南出版社","24.90","49.90"
"389","5%的改变(只要改变5%，生活就有新的可能！心理学家李松蔚教你用微小的行动突破困境)","28775","100","李松蔚","四川文艺出版社","24.90","49.80"
"390","等一朵花开（国民漫画家小林代表作）","124504","99.9","林帝浣","浙江文艺出版社","34.00","68.00"
"391","时光深处的优雅：林徽因等30位民国女子的传奇人生","676","99.9","慕容素衣","北京十月文艺出版社","49.50","49.50"
"392","大侦探福尔摩斯（第4辑）（全4册）","56165","100","厉河","湖北教育出版社","29.60","76.00"
"393","夏洛书屋经典版・铁路边的孩子们","22666","100","伊迪斯・内斯比特","上海译文出版社","10.50","19.00"
"394","红星照耀中国  青少版 八年级上册 人民文学出版社 团购电话4001066666转6","817904","100","埃德加・斯诺","人民文学出版社","29.70","33.00"
"395","世界经典漫画集・丰子恺儿童漫画集","54417","99.6","丰子恺","未来出版社","12.60","28.00"
"396","每天懂一点人情世故（经典畅销书）（全新修订版）南怀瑾、窦文涛、郭德纲、王蒙等名流推崇信奉的中华智慧","34664","99.9","章岩","天津科学技术出版社","34.30","49.80"
"397","非暴力沟通： 任何冲突都适用的沟通公式，用不带伤害的方式化解冲突。 随书附赠量身定制的“实践手册”。","8525","100","皮拉尔・德拉托雷","水利水电出版社","18.10","49.80"
"398","天官赐福・壹（赠送：Q版任务贴纸+绘师Q版头像印签+限定银蝶书签）","71193","100","墨香铜臭","中信出版社","46.80","59.80"
"399","一只特立独行的猪（有趣、独立、反对假正经，读王小波的“入坑之选”！依据王小波手稿、生前定稿修订多年讹误，SHOU度以读者视角排定蕞佳阅读顺序。）","445120","100","王小波","北京十月文艺出版社","29.50","59.00"
"400","老舍经典散文集：小时候真傻，居然盼着长大（长大后才明白，成年人的世界，从来没有容易二字。）","18475","100","老舍","天津人民出版社","27.50","55.00"
"401","中国汉字故事 彩绘版 全国小学生教育读本 写给儿童的中华传统文化故事","10540","100","刘敬余","北京教育出版社","15.80","19.80"
"402","窗外飞过一只鸟 : 如何成为一个观鸟者","1366","99.9","西蒙・巴恩斯","新星出版社","49.80","49.80"
"403","一读就入迷的神秘古国","15","93.3","钮勤章","成都时代出版社","26.50","68.00"
"404","大卫，不可以――1998年《纽约时报》年度最佳图画书  美国凯迪克大奖经典儿童绘本（启发童书馆出品）","378382","93.3","大卫・香农","河北教育出版社","19.90","39.80"
"405","陪孩子走过小学六年（全新增订版）（新版）","131349","100","刘称莲","北京联合出版公司","24.80","45.00"
"406","长青藤国际大奖小说书系：明日香，生日快乐","25104","99.9","青木和雄","云南出版集团公司 晨光出版社","10.60","18.00"
"407","曹文轩文集-青铜葵花","139732","99.8","曹文轩","天天出版社有限责任公司","19.00","19.00"
"408","林汉达历史名人故事（春秋战国卷 1）","391","99.7","林汉达","辽宁美术出版社","13.00","26.00"
"409","人类群星闪耀时（14个改变人类命运的天才，14个影响人类文明的瞬间！全新精装彩插导读详注版！）（读客经典文库）","150203","100","茨威格","江苏凤凰文艺出版社","34.50","69.00"
"410","身为女性的选择（上野千鹤子写给所有女性的清醒之书，中文简体版首次引进！突破父权，大胆豪放，直言不讳，鼓舞人心）","3790","100","上野千鹤子","国际文化出版公司","40.30","56.00"
"411","如果历史是一群喵10・宋辽金夏篇","116400","100","肥志","广东旅游出版社","40.66","59.80"
"412","沉默的大多数（爱智慧、爱自由、反对愚蠢，读王小波的“上头之选”！依据王小波手稿、生前定稿修订多年讹误，SHOU度以读者视角排定蕞佳阅读顺序。）","374134","100","王小波","北京十月文艺出版社","29.50","59.00"
"413","八十天环游地球（夏洛书屋第五辑46 美绘版)","4812","100","儒勒・凡尔纳","上海译文出版社","33.20","42.00"
"414","心流：最优体验心理学","151032","100","米哈里・契克森米哈赖","中信出版社","31.80","49.00"
"415","爸爸的声音  最好的胎教（汉竹）","184127","99.9","汉竹","江苏科学技术出版社","19.10","39.80"
"416","痰湿一去百病消（很多慢性病，都是痰湿造成的；让你一学就会的治疗痰湿的方法，学除湿这本书就够了）","11755","100","范怨武","河北科学技术出版社","29.50","59.00"
"417","意林少年版合订本总第114卷(2023年1期-4期）","4244","99.9","意林少年","吉林摄影出版社","17.90","35.80"
"418","停止内耗：过一个不累的人生","18438","100","若杉","江苏凤凰文艺出版社","24.90","49.80"
"419","从零开始的女性主义（豆瓣2021年度最受关注图书,上野千鹤子给所有人的女性主义普及课）","77837","100","上野千鹤子","北京联合出版有限公司","26.00","52.00"
"420","黄金时代（2021版，王小波成名代表作，当代文学经典！罗翔、肖战、朱一龙、麦家、李诞都在读王小波。)","135487","100","王小波","北京十月文艺出版社","29.50","59.00"
"421","山月记（如果你很迷茫！自我拉扯！一定要读《山月记》。日本文豪中岛敦笔下的中国物语，常年入选日本国语教材）【果麦经典】","221867","99.9","中岛敦","三秦出版社","22.50","45.00"
"422","一切都是最好的安排（新版）","175658","99.8","加措","中国友谊出版公司","31.50","39.80"
"423","城南旧事","98516","99.7","林海音","北京联合出版公司","13.20","28.00"
"424","波西和皮普新4册赠同款名字贴套装（小小聪明豆系列绘本）0-3岁低幼启蒙情绪管理绘本，发现快乐，体验成长！","26783","100","阿克塞尔・舍夫勒","外语教学与研究出版社","32.00","64.00"
"425","在岁月中远行（当当专享印签版，俞敏洪重磅新作，人生起伏下的心路与沉思！）","102827","100","俞敏洪","新星出版社","34.00","68.00"
"426","挪威的森林","392145","100","村上春树","上海译文出版社","36.80","45.00"
"427","几米：不睡觉世界冠军","100599","100","�酌�","新星出版社","29.90","59.80"
"428","地下室手记（罗翔老师推荐版本，荣登豆瓣2020年度读书经典类榜单，9.5分高口碑译文，千人五星好评！）","64365","100","陀思妥耶夫斯基","浙江文艺出版社","19.90","39.80"
"429","20世纪的幽灵","387","100","乔・希尔","化学工业出版社","39.00","39.80"
"430","放学后（东野圭吾成名作）","370150","100","东野圭吾","南海出版公司","22.50","45.00"
"431","“下次开船”港（中小学生课外阅读指导丛书）彩插无障碍阅读 智慧熊图书","421","100","严文井","南方出版社","21.40","23.80"
"432","了不起的我：自我发展的心理学（陈海贤重磅新作，得到付费用户亲测有效 ）","184900","100","陈海贤","台海出版社","49.60","69.00"
"433","老舍集：茶馆","109440","99.9","老舍","南海出版公司","12.50","25.00"
"434","敦煌奇幻旅行记 （第一辑套装全3册）【包邮】","56423","100","常怡","中信出版社","52.50","105.00"
"435","新版林格伦作品选集・美绘版―― 长袜子皮皮","289055","100","阿斯特丽德・林格伦","中国少年儿童出版社","17.50","35.00"
"436","文化苦旅（余秋雨亲定版本，了解中国文化脉络的经典著作，三代人共读的文学典范，中国家长送给子女更多的一本书）","85438","100","余秋雨","北京联合出版有限公司","26.00","52.00"
"437","好饿的毛毛虫（3-8岁） 信谊世界精选图画书","214937","99.9","艾瑞・卡尔","明天出版社","23.40","46.80"
"438","如何培养孩子的沟通力（前《*强大脑》科学判官魏坤琳推荐，抖音热卖）","5012","100","张小雪","北京联合出版有限公司","41.80","45.00"
"439","宝葫芦的秘密 精美插图版 曹文轩推荐儿童文学经典 中小学生课外阅读经典 4万多名读者热评！","97137","100","张天翼","北京教育出版社","13.90","19.80"
"440","柴郡猫传奇","527","100","卡门・阿格拉・迪地","贵州人民出版社","18.00","36.00"
"441","读者35周年美文珍藏版 全4册 读者文摘经典合订本课外阅读青春文学","5212","99.9","读者杂志社","","64.80","72.00"
"442","国际大奖小说--魔镜","12507","100","霍尔迪・塞拉利昂・依・法布拉","新蕾出版社","10.00","20.00"
"443","明朝那些事儿增补版.第1部（2021版）（当当专供）","16519","100","当年明月","北京联合出版有限公司","32.40","45.00"
"444","有本事（冯唐全新力作,一个人有本事才是靠得住的财富。）","57145","100","冯唐","北京联合出版有限公司","31.90","58.00"
"445","小羊上山儿童汉语分级读物第2级，幼小衔接学会自主识字阅读（10册套装），童趣出品","60040","100","孙蓓","人民邮电出版社","69.00","138.00"
"446","宋氏三姐妹","45489","99.9","陈达萌","人民日报出版社","24.00","48.00"
"447","神奇校车・图画书版（全12册）","1744957","99.9","乔安娜柯尔","贵州人民出版社","99.00","198.00"
"448","朝花夕拾  七年级上 名著阅读课程化丛书 导读版 人民教育出版社","231867","100","鲁迅","人民教育出版社","17.10","22.80"
"449","安徒生童话（小学语文“快乐读书吧”・三年级上阅读，叶君健先生翻译）","215249","99.9","安徒生","安徽教育出版社","9.60","20.00"
"450","假如给我三天光明（中小学生阅读指导目录5-6年级。海伦・凯勒在逆境中创造奇迹的伟大自传，她被《时代周刊》评为20世纪美国十大英雄偶像之一）","278891","99.8","凯勒","安徽教育出版社","15.30","18.00"
"451","也是冬天，也是春天：升级彩插版（收录迟子建最新散文力作及其经典散文名篇）","13412","100","迟子建","长江文艺出版社","32.00","49.80"
"452","人类群星闪耀时（2022）","103763","100","斯蒂芬・茨威格","江苏凤凰文艺出版社","24.50","49.00"
"453","黎明前的那一夜（随书附赠一套“黎明前夜”明信片，青年作家卢思浩新书，2021年长篇新作）","44446","100","卢思浩","湖南文艺出版社","24.90","49.80"
"454","从你的全世界路过：修订本（张嘉佳亲笔签名版与普通版本随机发送）","1158293","99.7","张嘉佳","湖南文艺出版社","22.50","45.00"
"455","一年级大个子二年级小个子（注音版）/古田足日经典作品","378597","99.9","古田足日","接力出版社","14.90","19.80"
"456","画给孩子的二十四节气 : 精装彩绘本（中国第五大发明，非物质文化遗产）","162327","100","施英巍","吉林美术出版社","58.00","58.00"
"457","自学大全（掀起日本自学狂潮！送给所有不想放弃学习的人55个自学方法！雄踞日本各大畅销书榜！自学百科全书！买回家管用一辈子）","11595","100","读书猴","文汇出版社","49.50","99.00"
"458","狂飙（徐纪周导演，张译、张颂文、李一桐主演同名电视剧原著小说。赠主演印签明信片*2）","94422","99.9","徐纪周","青岛出版社","32.60","68.00"
"459","力量从哪里来：面对每一个不敢（李松蔚，张静初，邱天推荐。从“不敢”到“发光“的力量觉醒书。）","19677","100","李一诺","中信出版社","59.00","59.00"
"460","学会提问（原书第12版）","111286","100","尼尔・布朗","机械工业出版社","34.50","69.00"
"461","米小圈脑筋急转弯（第二辑）(套装共4册）","162202","100","北猫","四川少儿出版社","28.80","64.00"
"462","断舍离（2019新版，全新修订50%以上内容）宫崎骏、张德芬、李冰冰的减法哲学","387884","100","山下英子","湖南文艺出版社","22.50","45.00"
"463","三体2黑暗森林（典藏版）","84732","99.9","刘慈欣","重庆出版社","30.00","42.00"
"464","边城（沈从文诞辰120周年纪念典藏版）精选沈从文代表性的小说25篇，同类版本中内容量之多居首！重寻湘西的自由朴野之美！","323145","99.8","沈从文","武汉出版社","17.50","35.00"
"465","有逻辑地说话：掌握说话之道，变身口才达人","1408","100","金圭贤","中国友谊出版公司","41.80","45.00"
"466","中文分级阅读K2 阿凡提的故事（亲近母语）","52847","100","赵世杰","江苏凤凰文艺出版社","19.90","39.80"
"467","长青藤国际大奖小说书系：我和外公的战争","16028","100","罗伯特・基梅尔・史密斯","云南出版集团公司 晨光出版社","13.00","22.00"
"468","莎士比亚戏剧故事集（《语文》阅读丛书）人民文学出版社","29176","100","查尔斯・兰姆","人民文学出版社","30.00","30.00"
"469","业力管理：善用业力法则创造富足人生（团购，请致电400-106-6666转6）","69389","99.9","麦克・罗奇","华文出版社","18.00","36.00"
"470","昆虫记（语文教材“名著导读”经典・八年级上。内容更丰富版本：33张彩色照片图+系统分类目录+昆虫谱系表+大量详注+颠覆性纠错，帮你构筑系统的知识体系）","234753","99.9","亨利・法布尔","时代文艺出版社","20.20","42.00"
"471","柳林风声（经典插图本，充满浪漫和友爱的动物童话。儿童文学翻译家张炽恒未删节全译）","148376","100","肯尼思・格雷厄姆","北京联合出版公司","9.90","21.00"
"472","拼音真好玩（全彩6册）（从幼小衔接到一年级，拼音学习启蒙书，附赠超实用拼音全表） 小猛犸童书出品","300989","100","周霞","电子工业出版社","38.60","99.00"
"473","看不见的女性（豆瓣2022年度图书，脱不花、杨澜、梁文道一致推荐！女性生存艰难的原因，就在这本书里）","35152","100","卡罗琳・克里亚多・佩雷斯","新星出版社","34.50","69.00"
"474","大中华寻宝系列 秦朝寻宝记","69526","100","京鼎动漫","二十一世纪出版社","17.90","39.80"
"475","父母的语言：3000万词汇塑造更强大的学习型大脑","262955","100","达娜・萨斯金德","机械工业出版社","29.50","59.00"
"476","刑法学讲义（罗翔普法故事会，拆穿生活的套路，看透舆论的陷阱，人人都能拥有法学智慧。人民日报、央视激赏推荐，千万读者好评）","107297","100","罗翔","云南人民出版社","34.00","68.00"
"477","丰乳肥臀（莫言用情极深的长篇代表作，女性苦难史）","198918","100","莫言","浙江文艺出版社","49.60","69.00"
"478","哈利・波特（套装1-7册） (平装)《语文》教材推荐阅读书目，外国儿童文学经典，新英国版封面平装版","412650","99.7","J.K.罗琳","人民文学出版社","293.46","438.00"
"479","0～3岁孩子的正面管教","227222","99.8","简・尼尔森","北京联合出版公司","21.00","42.00"
"480","思考，快与慢（团购电话400-106-6666转6）","316471","99.8","丹尼尔・卡尼曼","中信出版社","69.00","69.00"
"481","佛陀传：全世界影响力深远的佛陀传记（原名故道白云，全世界佛学爱好者的入门书！）（读客这本史书真好看文库）","99380","99.8","一行禅师","河南文艺出版社","34.90","69.90"
"482","猫的风工厂：全5册（堪比宫崎骏作品的灵动风格，治愈系日本童话，新美南吉童话奖得主水野良惠、博洛尼亚国际画展入围插画师伊津野果诚意之作）","26648","100","水野良惠","长江少年儿童出版社","48.70","125.00"
"483","意林合订本2023年1期-6期（总第76卷）（升级版）","239","99.6","意林","意林杂志出版社","29.20","45.00"
"484","国际大奖小说--蓝色的海豚岛","6218","100","斯・奥台尔","新蕾出版社","13.00","26.00"
"485","自驱型成长：如何科学有效地培养孩子的自律","132283","100","威廉","机械工业出版社","37.50","75.00"
"486","雷雨（中国现代杰出剧作家曹禺的代表作，被翻译成各国语言的中国话剧，精装收藏版）","95706","100","曹禺","北京十月文艺出版社","18.00","36.00"
"487","大侦探福尔摩斯（第2辑）（全6册）","84374","100","柯南・道尔","湖北教育出版社","44.40","114.00"
"488","苏菲的世界（平装新版）八年级阅读乔斯坦贾德哲学入门书作家出版社","434845","100","乔斯坦・贾德","作家出版社","22.80","38.00"
"489","了不起的盖茨比（经典新读，中央编译出版社）","4169","99.9","菲茨杰拉德","中央编译出版社","12.40","24.80"
"490","你的名字。（新海诚亲笔撰写，同名电影原作小说简体中文版，撩动万千观众的青春情怀）","47978","99.9","新海诚","百花洲文艺出版社","27.40","38.00"
"491","月亮与六便士（精装典藏版，未删节全译+详细详注+12幅高更画作+14幅毛姆照片）","122631","99.9","毛姆","时代文艺出版社","20.30","45.00"
"492","父与子全集（全彩版。一代幽默大师卜劳恩的爆笑暖心漫画）","147129","99.9","埃・奥・卜劳恩","浙江工商大学出版社","16.20","36.00"
"493","刘润 底层逻辑1+2 不同角度看世界","11647","100","刘润","机械工业出版社","69.00","138.00"
"494","蛤蟆先生去看心理医生：漫画版（造福万千家庭的心理学知识读本，漫画版更温暖、更好读）","16720","100","罗伯特・戴博德","四川文艺出版社","24.00","48.00"
"495","山海百灵：山海经里的神人鸟兽鱼典藏版）专享定制山海奇想贴纸一页","6464","99.8","王新禧","北京时代华文书局","32.60","68.00"
"496","当下的力量（珍藏版）","242950","99.9","埃克哈特.托利","中信出版社","36.40","56.00"
"497","奥特曼系列 视觉志:55周年纪念","36827","100","上海新创华文化发展有限公司","安徽少年儿童出版社","49.00","70.00"
"498","中国传统节日故事自营儿童注音版（美绘大开本）一二三年级儿童文学 小学生课外阅读 全国著名语文特级教师 窦桂梅推荐 爱上阅读系列","42189","100","金波","北京教育出版社","23.20","25.80"
"499","吹牛大王历险记（彩图注音版） 汇聚金波 沈石溪 常新港 冰波 汤素兰等50多位名家名作","81926","100","拉斯伯","北京教育出版社","12.90","19.80"
"500","怀孕一天一页（第二版）（汉竹）","101804","100","马良坤","江苏科学技术出版社","23.90","49.80"
